ts_utc,vin,event,edge,scenario
2026-08-14T19:23:42Z,BP-CORE-00046-67,COMMS_STALE,rising,comms_stale
2026-08-14T19:30:00Z,BP-CORE-00025-48,FAN_STALL,rising,fan_stalled
2026-08-14T19:45:18Z,BP-CORE-00025-48,OVER_TEMP,rising,fan_stalled
2026-08-14T19:47:05Z,BP-CORE-00025-48,OVER_TEMP,falling,fan_stalled
2026-08-14T19:55:00Z,BP-CORE-00035-60,IGBT_GRADIENT,rising,igbt_module_fault
2026-08-14T20:00:00Z,BP-CORE-00038-11,OVER_TEMP,rising,healthy_false_alarm
2026-08-14T20:01:01Z,BP-CORE-00038-11,OVER_TEMP,falling,healthy_false_alarm
2026-08-14T20:47:00Z,BP-CORE-00034-24,IGBT_GRADIENT,rising,igbt_module_fault
2026-08-14T22:13:00Z,BP-CORE-00047-72,CELL_GRADIENT,rising,cell_gradient
2026-08-15T00:14:00Z,BP-CORE-00043-47,CT_REVERSED,rising,ct_reversed
2026-08-15T00:55:00Z,BP-CORE-00029-70,INTAKE_RESTRICTED,rising,intake_restricted
2026-08-15T01:28:00Z,BP-CORE-00040-36,OVER_TEMP,rising,healthy_false_alarm
2026-08-15T01:29:01Z,BP-CORE-00040-36,OVER_TEMP,falling,healthy_false_alarm
2026-08-15T01:42:00Z,BP-CORE-00044-68,CT_REVERSED,rising,ct_reversed
2026-08-15T01:45:00Z,BP-CORE-00022-94,FAN_STALL,rising,fan_stalled
2026-08-15T01:58:33Z,BP-CORE-00019-88,FAN_MISSING,rising,fan_never_installed
2026-08-15T02:06:44Z,BP-CORE-00019-88,FAN_MISSING,falling,fan_never_installed
2026-08-15T02:14:15Z,BP-CORE-00022-94,OVER_TEMP,rising,fan_stalled
2026-08-15T02:15:45Z,BP-CORE-00019-88,FAN_MISSING,rising,fan_never_installed
2026-08-15T02:16:44Z,BP-CORE-00019-88,OVER_TEMP,rising,fan_never_installed
2026-08-15T02:17:36Z,BP-CORE-00022-94,OVER_TEMP,falling,fan_stalled
2026-08-15T02:20:54Z,BP-CORE-00022-94,OVER_TEMP,rising,fan_stalled
2026-08-15T02:21:53Z,BP-CORE-00019-88,OVER_TEMP,falling,fan_never_installed
2026-08-15T02:26:03Z,BP-CORE-00022-94,OVER_TEMP,falling,fan_stalled
2026-08-15T02:30:23Z,BP-CORE-00019-88,OVER_TEMP,rising,fan_never_installed
2026-08-15T02:54:06Z,BP-CORE-00019-88,OVER_TEMP,falling,fan_never_installed
2026-08-15T03:07:01Z,BP-CORE-00019-88,FAN_MISSING,falling,fan_never_installed
2026-08-15T03:13:55Z,BP-CORE-00019-88,FAN_MISSING,rising,fan_never_installed
2026-08-15T03:14:55Z,BP-CORE-00019-88,OVER_TEMP,rising,fan_never_installed
2026-08-15T03:19:18Z,BP-CORE-00019-88,OVER_TEMP,falling,fan_never_installed
2026-08-15T03:29:58Z,BP-CORE-00019-88,OVER_TEMP,rising,fan_never_installed
2026-08-15T03:56:00Z,BP-CORE-00023-37,FAN_STALL,rising,fan_stalled
2026-08-15T04:53:53Z,BP-CORE-00016-57,FAN_MISSING,rising,fan_never_installed
2026-08-15T05:06:28Z,BP-CORE-00016-57,FAN_MISSING,falling,fan_never_installed
2026-08-15T05:12:30Z,BP-CORE-00016-57,FAN_MISSING,rising,fan_never_installed
2026-08-15T05:21:23Z,BP-CORE-00016-57,OVER_TEMP,rising,fan_never_installed
2026-08-15T05:47:11Z,BP-CORE-00018-74,FAN_MISSING,rising,fan_never_installed
2026-08-15T05:57:51Z,BP-CORE-00018-74,OVER_TEMP,rising,fan_never_installed
2026-08-15T05:58:07Z,BP-CORE-00016-57,OVER_TEMP,falling,fan_never_installed
2026-08-15T05:58:08Z,BP-CORE-00016-57,OVER_TEMP,rising,fan_never_installed
2026-08-15T05:58:09Z,BP-CORE-00016-57,OVER_TEMP,falling,fan_never_installed
2026-08-15T06:02:31Z,BP-CORE-00018-74,OVER_TEMP,falling,fan_never_installed
2026-08-15T06:07:06Z,BP-CORE-00016-57,FAN_MISSING,falling,fan_never_installed
2026-08-15T06:08:14Z,BP-CORE-00018-74,OVER_TEMP,rising,fan_never_installed
2026-08-15T06:11:21Z,BP-CORE-00016-57,FAN_MISSING,rising,fan_never_installed
2026-08-15T06:18:25Z,BP-CORE-00016-57,OVER_TEMP,rising,fan_never_installed
2026-08-15T06:28:00Z,BP-CORE-00042-80,OVER_TEMP,rising,healthy_false_alarm
2026-08-15T06:29:01Z,BP-CORE-00042-80,OVER_TEMP,falling,healthy_false_alarm
2026-08-15T06:34:00Z,BP-CORE-00039-16,OVER_TEMP,rising,healthy_false_alarm
2026-08-15T06:35:01Z,BP-CORE-00039-16,OVER_TEMP,falling,healthy_false_alarm
2026-08-15T06:49:25Z,BP-CORE-00018-74,OVER_TEMP,falling,fan_never_installed
2026-08-15T06:58:41Z,BP-CORE-00018-74,FAN_MISSING,falling,fan_never_installed
2026-08-15T06:59:03Z,BP-CORE-00018-74,FAN_MISSING,rising,fan_never_installed
2026-08-15T07:01:15Z,BP-CORE-00018-74,OVER_TEMP,rising,fan_never_installed
2026-08-15T07:04:34Z,BP-CORE-00018-74,OVER_TEMP,falling,fan_never_installed
2026-08-15T07:15:07Z,BP-CORE-00018-74,OVER_TEMP,rising,fan_never_installed
2026-08-15T08:39:00Z,BP-CORE-00048-66,CELL_GRADIENT,rising,cell_gradient
2026-08-15T09:23:00Z,BP-CORE-00036-75,SENSOR_IMPLAUSIBLE,rising,sensor_implausible
2026-08-15T10:03:01Z,BP-CORE-00036-75,OVER_TEMP,rising,sensor_implausible
2026-08-15T10:24:04Z,BP-CORE-00017-18,FAN_MISSING,rising,fan_never_installed
2026-08-15T10:32:14Z,BP-CORE-00017-18,OVER_TEMP,rising,fan_never_installed
2026-08-15T10:37:49Z,BP-CORE-00017-18,OVER_TEMP,falling,fan_never_installed
2026-08-15T10:38:00Z,BP-CORE-00032-75,INTAKE_RESTRICTED,rising,intake_restricted
2026-08-15T10:39:54Z,BP-CORE-00017-18,FAN_MISSING,falling,fan_never_installed
2026-08-15T10:43:30Z,BP-CORE-00017-18,FAN_MISSING,rising,fan_never_installed
2026-08-15T10:52:39Z,BP-CORE-00017-18,OVER_TEMP,rising,fan_never_installed
2026-08-15T11:06:00Z,BP-CORE-00026-13,FAN_UNPLUGGED,rising,fan_unplugged
2026-08-15T11:25:00Z,BP-CORE-00037-77,SENSOR_IMPLAUSIBLE,rising,sensor_implausible
2026-08-15T11:27:02Z,BP-CORE-00017-18,OVER_TEMP,falling,fan_never_installed
2026-08-15T11:36:10Z,BP-CORE-00026-13,OVER_TEMP,rising,fan_unplugged
2026-08-15T11:36:11Z,BP-CORE-00017-18,FAN_MISSING,falling,fan_never_installed
2026-08-15T11:42:35Z,BP-CORE-00017-18,FAN_MISSING,rising,fan_never_installed
2026-08-15T11:51:30Z,BP-CORE-00017-18,OVER_TEMP,rising,fan_never_installed
2026-08-15T11:55:00Z,BP-CORE-00028-25,FAN_UNPLUGGED,rising,fan_unplugged
2026-08-15T12:05:01Z,BP-CORE-00037-77,OVER_TEMP,rising,sensor_implausible
2026-08-15T12:08:17Z,BP-CORE-00028-25,OVER_TEMP,rising,fan_unplugged
2026-08-15T12:09:39Z,BP-CORE-00026-13,OVER_TEMP,falling,fan_unplugged
2026-08-15T12:10:31Z,BP-CORE-00017-18,OVER_TEMP,falling,fan_never_installed
2026-08-15T12:12:00Z,BP-CORE-00017-18,OVER_TEMP,rising,fan_never_installed
2026-08-15T12:13:20Z,BP-CORE-00028-25,OVER_TEMP,falling,fan_unplugged
2026-08-15T12:13:42Z,BP-CORE-00045-68,COMMS_STALE,rising,comms_stale
2026-08-15T12:14:00Z,BP-CORE-00024-43,FAN_STALL,rising,fan_stalled
2026-08-15T12:22:34Z,BP-CORE-00026-13,OVER_TEMP,rising,fan_unplugged
2026-08-15T12:23:20Z,BP-CORE-00028-25,OVER_TEMP,rising,fan_unplugged
2026-08-15T12:27:34Z,BP-CORE-00026-13,OVER_TEMP,falling,fan_unplugged
2026-08-15T12:35:10Z,BP-CORE-00026-13,OVER_TEMP,rising,fan_unplugged
2026-08-15T12:57:00Z,BP-CORE-00030-47,INTAKE_RESTRICTED,rising,intake_restricted
2026-08-15T13:00:17Z,BP-CORE-00028-25,OVER_TEMP,falling,fan_unplugged
2026-08-15T13:15:03Z,BP-CORE-00024-43,OVER_TEMP,rising,fan_stalled
2026-08-15T13:21:10Z,BP-CORE-00024-43,OVER_TEMP,falling,fan_stalled
2026-08-15T13:22:27Z,BP-CORE-00028-25,OVER_TEMP,rising,fan_unplugged
2026-08-15T14:35:54Z,BP-CORE-00020-53,FAN_MISSING,rising,fan_never_installed
2026-08-15T14:48:28Z,BP-CORE-00020-53,FAN_MISSING,falling,fan_never_installed
2026-08-15T14:54:24Z,BP-CORE-00020-53,FAN_MISSING,rising,fan_never_installed
2026-08-15T15:03:27Z,BP-CORE-00020-53,OVER_TEMP,rising,fan_never_installed
2026-08-15T15:25:53Z,BP-CORE-00020-53,OVER_TEMP,falling,fan_never_installed
2026-08-15T15:29:37Z,BP-CORE-00020-53,OVER_TEMP,rising,fan_never_installed
2026-08-15T15:40:03Z,BP-CORE-00020-53,OVER_TEMP,falling,fan_never_installed
2026-08-15T15:40:34Z,BP-CORE-00020-53,OVER_TEMP,rising,fan_never_installed
2026-08-15T15:46:28Z,BP-CORE-00020-53,OVER_TEMP,falling,fan_never_installed
2026-08-15T15:49:49Z,BP-CORE-00020-53,FAN_MISSING,falling,fan_never_installed
2026-08-15T15:53:22Z,BP-CORE-00020-53,FAN_MISSING,rising,fan_never_installed
2026-08-15T16:00:48Z,BP-CORE-00020-53,OVER_TEMP,rising,fan_never_installed
2026-08-15T22:25:00Z,BP-CORE-00033-55,IGBT_GRADIENT,rising,igbt_module_fault
2026-08-15T23:23:06Z,BP-CORE-00021-55,FAN_MISSING,rising,fan_never_installed
2026-08-15T23:34:11Z,BP-CORE-00021-55,FAN_MISSING,falling,fan_never_installed
2026-08-15T23:42:35Z,BP-CORE-00021-55,FAN_MISSING,rising,fan_never_installed
2026-08-15T23:51:46Z,BP-CORE-00021-55,OVER_TEMP,rising,fan_never_installed
2026-08-16T00:33:00Z,BP-CORE-00021-55,OVER_TEMP,falling,fan_never_installed
2026-08-16T00:35:58Z,BP-CORE-00021-55,FAN_MISSING,falling,fan_never_installed
2026-08-16T00:41:35Z,BP-CORE-00021-55,FAN_MISSING,rising,fan_never_installed
2026-08-16T00:50:19Z,BP-CORE-00021-55,OVER_TEMP,rising,fan_never_installed
2026-08-16T01:38:00Z,BP-CORE-00027-72,FAN_UNPLUGGED,rising,fan_unplugged
2026-08-16T02:10:01Z,BP-CORE-00027-72,OVER_TEMP,rising,fan_unplugged
2026-08-16T02:33:41Z,BP-CORE-00027-72,OVER_TEMP,falling,fan_unplugged
2026-08-16T03:10:50Z,BP-CORE-00027-72,OVER_TEMP,rising,fan_unplugged
2026-08-16T04:00:00Z,BP-CORE-00041-11,OVER_TEMP,rising,healthy_false_alarm
2026-08-16T04:01:01Z,BP-CORE-00041-11,OVER_TEMP,falling,healthy_false_alarm
2026-08-16T05:08:00Z,BP-CORE-00031-21,INTAKE_RESTRICTED,rising,intake_restricted
