vin,city,state,lat,lon,load_zone,faulted,fault_time_utc
BP-CORE-00001-84,Round Rock,TX,30.5083,-97.6789,LZ_SOUTH,N,
BP-CORE-00002-80,Cedar Park,TX,30.5052,-97.8203,LZ_SOUTH,N,
BP-CORE-00003-60,Dallas,TX,32.7767,-96.7970,LZ_NORTH,N,
BP-CORE-00004-55,Plano,TX,33.0198,-96.6989,LZ_NORTH,N,
BP-CORE-00005-27,Houston,TX,29.7604,-95.3698,LZ_HOUSTON,N,
BP-CORE-00006-92,Katy,TX,29.7858,-95.8245,LZ_HOUSTON,N,
BP-CORE-00007-68,San Antonio,TX,29.4241,-98.4936,LZ_SOUTH,N,
BP-CORE-00008-11,Fort Worth,TX,32.7555,-97.3308,LZ_NORTH,N,
BP-CORE-00009-86,El Paso,TX,31.7619,-106.4850,LZ_WEST,N,
BP-CORE-00010-18,Austin,TX,30.2672,-97.7431,LZ_SOUTH,N,
BP-CORE-00011-22,Round Rock,TX,30.5083,-97.6789,LZ_SOUTH,N,
BP-CORE-00012-33,Cedar Park,TX,30.5052,-97.8203,LZ_SOUTH,N,
BP-CORE-00013-68,Dallas,TX,32.7767,-96.7970,LZ_NORTH,N,
BP-CORE-00014-26,Plano,TX,33.0198,-96.6989,LZ_NORTH,N,
BP-CORE-00015-18,Houston,TX,29.7604,-95.3698,LZ_HOUSTON,Y,2026-08-15T07:00:00Z
BP-CORE-00016-57,Katy,TX,29.7858,-95.8245,LZ_HOUSTON,Y,2026-08-15T05:30:00Z
BP-CORE-00017-18,San Antonio,TX,29.4241,-98.4936,LZ_SOUTH,Y,2026-08-15T10:33:04Z
BP-CORE-00018-74,Fort Worth,TX,32.7555,-97.3308,LZ_NORTH,N,
BP-CORE-00019-88,El Paso,TX,31.7619,-106.4850,LZ_WEST,N,
BP-CORE-00020-53,Austin,TX,30.2672,-97.7431,LZ_SOUTH,N,
BP-CORE-00021-55,Round Rock,TX,30.5083,-97.6789,LZ_SOUTH,N,
BP-CORE-00022-94,Cedar Park,TX,30.5052,-97.8203,LZ_SOUTH,Y,2026-08-15T02:45:00Z
BP-CORE-00023-37,Dallas,TX,32.7767,-96.7970,LZ_NORTH,N,
BP-CORE-00024-43,Plano,TX,33.0198,-96.6989,LZ_NORTH,N,
BP-CORE-00025-48,Houston,TX,29.7604,-95.3698,LZ_HOUSTON,N,
BP-CORE-00026-13,Katy,TX,29.7858,-95.8245,LZ_HOUSTON,Y,2026-08-15T11:49:30Z
BP-CORE-00027-72,San Antonio,TX,29.4241,-98.4936,LZ_SOUTH,N,
BP-CORE-00028-25,Fort Worth,TX,32.7555,-97.3308,LZ_NORTH,N,
BP-CORE-00029-70,El Paso,TX,31.7619,-106.4850,LZ_WEST,N,
BP-CORE-00030-47,Austin,TX,30.2672,-97.7431,LZ_SOUTH,Y,2026-08-15T13:57:00Z
BP-CORE-00031-21,Round Rock,TX,30.5083,-97.6789,LZ_SOUTH,N,
BP-CORE-00032-75,Cedar Park,TX,30.5052,-97.8203,LZ_SOUTH,N,
BP-CORE-00033-55,Dallas,TX,32.7767,-96.7970,LZ_NORTH,Y,2026-08-15T23:25:00Z
BP-CORE-00034-24,Plano,TX,33.0198,-96.6989,LZ_NORTH,N,
BP-CORE-00035-60,Houston,TX,29.7604,-95.3698,LZ_HOUSTON,N,
BP-CORE-00036-75,Katy,TX,29.7858,-95.8245,LZ_HOUSTON,Y,2026-08-15T10:03:01Z
BP-CORE-00037-77,San Antonio,TX,29.4241,-98.4936,LZ_SOUTH,N,
BP-CORE-00038-11,Fort Worth,TX,32.7555,-97.3308,LZ_NORTH,Y,2026-08-14T20:00:00Z
BP-CORE-00039-16,El Paso,TX,31.7619,-106.4850,LZ_WEST,N,
BP-CORE-00040-36,Austin,TX,30.2672,-97.7431,LZ_SOUTH,N,
BP-CORE-00041-11,Round Rock,TX,30.5083,-97.6789,LZ_SOUTH,N,
BP-CORE-00042-80,Cedar Park,TX,30.5052,-97.8203,LZ_SOUTH,N,
BP-CORE-00043-47,Dallas,TX,32.7767,-96.7970,LZ_NORTH,Y,2026-08-15T01:14:00Z
BP-CORE-00044-68,Plano,TX,33.0198,-96.6989,LZ_NORTH,N,
BP-CORE-00045-68,Houston,TX,29.7604,-95.3698,LZ_HOUSTON,Y,2026-08-15T12:08:00Z
BP-CORE-00046-67,Katy,TX,29.7858,-95.8245,LZ_HOUSTON,N,
BP-CORE-00047-72,San Antonio,TX,29.4241,-98.4936,LZ_SOUTH,Y,2026-08-14T23:10:00Z
BP-CORE-00048-66,Fort Worth,TX,32.7555,-97.3308,LZ_NORTH,N,
