vin,city,state,lat,lon,load_zone,site_type,faulted,fault_time_utc,window_start_utc,window_end_utc,scenario,recommended_action,do_not_return_hardware,pack_kwh,p_rated_w,fw_rev,hw_rev,bom_rev,expected_fan_count,observed_fan_count,fan_present_0,fan_present_1,clearance_ok,ct_orientation,disco_gen,solar_ac_coupled,raw_packet_uri
BP-CORE-00001-84,Round Rock,TX,30.5083,-97.6789,LZ_SOUTH,patio,N,2026-08-16T01:09:00Z,2026-08-16T00:09:00Z,2026-08-16T02:08:59Z,normal,none,Y,39.2,20000,core-inv-3.4.9,G3,BOM-2026.06,2,2,True,True,True,correct,3,True,pointer://fw-log/BP-CORE-00001-84/20260816T010900Z.bin
BP-CORE-00002-80,Cedar Park,TX,30.5052,-97.8203,LZ_SOUTH,side_yard,N,2026-08-15T13:18:00Z,2026-08-15T12:18:00Z,2026-08-15T14:17:59Z,normal,none,Y,39.2,20000,core-inv-3.4.20,G3,BOM-2026.06,2,2,True,True,True,correct,3,True,pointer://fw-log/BP-CORE-00002-80/20260815T131800Z.bin
BP-CORE-00003-60,Dallas,TX,32.7767,-96.797,LZ_NORTH,interior_utility,N,2026-08-14T23:50:00Z,2026-08-14T22:50:00Z,2026-08-15T00:49:59Z,normal,none,Y,39.2,20000,core-inv-3.4.11,G3,BOM-2026.06,2,2,True,True,True,correct,3,True,pointer://fw-log/BP-CORE-00003-60/20260814T235000Z.bin
BP-CORE-00004-55,Plano,TX,33.0198,-96.6989,LZ_NORTH,garage,N,2026-08-15T12:53:00Z,2026-08-15T11:53:00Z,2026-08-15T13:52:59Z,normal,none,Y,39.2,20000,core-inv-3.4.20,G3,BOM-2026.06,2,2,True,True,True,correct,3,False,pointer://fw-log/BP-CORE-00004-55/20260815T125300Z.bin
BP-CORE-00005-27,Houston,TX,29.7604,-95.3698,LZ_HOUSTON,patio,N,2026-08-15T08:56:00Z,2026-08-15T07:56:00Z,2026-08-15T09:55:59Z,normal,none,Y,39.2,20000,core-inv-3.4.18,G2,BOM-2026.06,2,2,True,True,True,correct,2,True,pointer://fw-log/BP-CORE-00005-27/20260815T085600Z.bin
BP-CORE-00006-92,Katy,TX,29.7858,-95.8245,LZ_HOUSTON,side_yard,N,2026-08-16T00:20:00Z,2026-08-15T23:20:00Z,2026-08-16T01:19:59Z,normal,none,Y,39.2,20000,core-inv-3.4.12,G3,BOM-2026.06,2,2,True,True,True,correct,3,True,pointer://fw-log/BP-CORE-00006-92/20260816T002000Z.bin
BP-CORE-00007-68,San Antonio,TX,29.4241,-98.4936,LZ_SOUTH,interior_utility,N,2026-08-15T21:08:00Z,2026-08-15T20:08:00Z,2026-08-15T22:07:59Z,normal,none,Y,39.2,20000,core-inv-3.4.19,G3,BOM-2026.06,2,2,True,True,True,correct,3,True,pointer://fw-log/BP-CORE-00007-68/20260815T210800Z.bin
BP-CORE-00008-11,Fort Worth,TX,32.7555,-97.3308,LZ_NORTH,garage,N,2026-08-15T20:22:00Z,2026-08-15T19:22:00Z,2026-08-15T21:21:59Z,normal,none,Y,39.2,20000,core-inv-3.4.16,G2,BOM-2026.06,2,2,True,True,True,correct,2,False,pointer://fw-log/BP-CORE-00008-11/20260815T202200Z.bin
BP-CORE-00009-86,El Paso,TX,31.7619,-106.485,LZ_WEST,patio,N,2026-08-15T13:47:00Z,2026-08-15T12:47:00Z,2026-08-15T14:46:59Z,normal,none,Y,39.2,20000,core-inv-3.4.15,G3,BOM-2026.06,2,2,True,True,True,correct,3,True,pointer://fw-log/BP-CORE-00009-86/20260815T134700Z.bin
BP-CORE-00010-18,Austin,TX,30.2672,-97.7431,LZ_SOUTH,side_yard,N,2026-08-16T00:05:00Z,2026-08-15T23:05:00Z,2026-08-16T01:04:59Z,normal,none,Y,39.2,20000,core-inv-3.4.9,G2,BOM-2026.06,2,2,True,True,True,correct,2,False,pointer://fw-log/BP-CORE-00010-18/20260816T000500Z.bin
BP-CORE-00011-22,Round Rock,TX,30.5083,-97.6789,LZ_SOUTH,garage,Y,2026-08-15T17:06:00Z,2026-08-15T16:06:00Z,2026-08-15T18:05:59Z,hot_site_derate_ok,L1_site_vent_no_pull,Y,39.2,20000,core-inv-3.4.13,G3,BOM-2026.06,2,2,True,True,True,correct,3,True,pointer://fw-log/BP-CORE-00011-22/20260815T170600Z.bin
BP-CORE-00012-33,Cedar Park,TX,30.5052,-97.8203,LZ_SOUTH,garage,Y,2026-08-16T04:32:00Z,2026-08-16T03:32:00Z,2026-08-16T05:31:59Z,hot_site_derate_ok,L1_site_vent_no_pull,Y,39.2,20000,core-inv-3.4.15,G3,BOM-2026.06,2,2,True,True,True,correct,3,True,pointer://fw-log/BP-CORE-00012-33/20260816T043200Z.bin
BP-CORE-00013-68,Dallas,TX,32.7767,-96.797,LZ_NORTH,garage,Y,2026-08-16T01:57:00Z,2026-08-16T00:57:00Z,2026-08-16T02:56:59Z,hot_site_derate_ok,L1_site_vent_no_pull,Y,39.2,20000,core-inv-3.4.19,G3,BOM-2026.06,2,2,True,True,True,correct,3,True,pointer://fw-log/BP-CORE-00013-68/20260816T015700Z.bin
BP-CORE-00014-26,Plano,TX,33.0198,-96.6989,LZ_NORTH,garage,Y,2026-08-14T22:03:00Z,2026-08-14T21:03:00Z,2026-08-14T23:02:59Z,hot_site_derate_ok,L1_site_vent_no_pull,Y,39.2,20000,core-inv-3.4.8,G3,BOM-2026.06,2,2,True,True,True,correct,3,False,pointer://fw-log/BP-CORE-00014-26/20260814T220300Z.bin
BP-CORE-00015-18,Houston,TX,29.7604,-95.3698,LZ_HOUSTON,garage,Y,2026-08-15T07:00:00Z,2026-08-15T06:00:00Z,2026-08-15T07:59:59Z,hot_site_derate_ok,L1_site_vent_no_pull,Y,39.2,20000,core-inv-3.4.9,G3,BOM-2026.06,2,2,True,True,True,correct,3,True,pointer://fw-log/BP-CORE-00015-18/20260815T070000Z.bin
BP-CORE-00016-57,Katy,TX,29.7858,-95.8245,LZ_HOUSTON,garage,Y,2026-08-15T05:30:00Z,2026-08-15T04:53:00Z,2026-08-15T06:52:59Z,fan_never_installed,L2_install_missing_fan,Y,39.2,20000,core-inv-3.4.17,G3,BOM-2026.06,2,0,False,False,True,correct,3,False,pointer://fw-log/BP-CORE-00016-57/20260815T053000Z.bin
BP-CORE-00017-18,San Antonio,TX,29.4241,-98.4936,LZ_SOUTH,patio,Y,2026-08-15T10:33:04Z,2026-08-15T10:23:00Z,2026-08-15T12:22:59Z,fan_never_installed,L2_install_missing_fan,Y,39.2,20000,core-inv-3.4.19,G3,BOM-2026.06,2,0,False,False,True,correct,3,False,pointer://fw-log/BP-CORE-00017-18/20260815T103304Z.bin
BP-CORE-00018-74,Fort Worth,TX,32.7555,-97.3308,LZ_NORTH,side_yard,Y,2026-08-15T06:00:10Z,2026-08-15T05:46:00Z,2026-08-15T07:45:59Z,fan_never_installed,L2_install_missing_fan,Y,39.2,20000,core-inv-3.4.12,G3,BOM-2026.06,2,0,False,False,True,correct,3,True,pointer://fw-log/BP-CORE-00018-74/20260815T060010Z.bin
BP-CORE-00019-88,El Paso,TX,31.7619,-106.485,LZ_WEST,interior_utility,Y,2026-08-15T02:18:18Z,2026-08-15T01:57:00Z,2026-08-15T03:56:59Z,fan_never_installed,L2_install_missing_fan,Y,39.2,20000,core-inv-3.4.16,G3,BOM-2026.06,2,0,False,False,True,correct,3,True,pointer://fw-log/BP-CORE-00019-88/20260815T021818Z.bin
BP-CORE-00020-53,Austin,TX,30.2672,-97.7431,LZ_SOUTH,garage,Y,2026-08-15T15:13:05Z,2026-08-15T14:35:00Z,2026-08-15T16:34:59Z,fan_never_installed,L2_install_missing_fan,Y,39.2,20000,core-inv-3.4.16,G3,BOM-2026.06,2,0,False,False,True,correct,3,True,pointer://fw-log/BP-CORE-00020-53/20260815T151305Z.bin
BP-CORE-00021-55,Round Rock,TX,30.5083,-97.6789,LZ_SOUTH,patio,Y,2026-08-16T00:03:26Z,2026-08-15T23:22:00Z,2026-08-16T01:21:59Z,fan_never_installed,L2_install_missing_fan,Y,39.2,20000,core-inv-3.4.11,G3,BOM-2026.06,2,0,False,False,True,correct,3,False,pointer://fw-log/BP-CORE-00021-55/20260816T000326Z.bin
BP-CORE-00022-94,Cedar Park,TX,30.5052,-97.8203,LZ_SOUTH,side_yard,Y,2026-08-15T02:45:00Z,2026-08-15T01:45:00Z,2026-08-15T03:44:59Z,fan_stalled,L3_replace_fan,Y,39.2,20000,core-inv-3.4.13,G2,BOM-2026.06,2,2,True,True,True,correct,2,False,pointer://fw-log/BP-CORE-00022-94/20260815T024500Z.bin
BP-CORE-00023-37,Dallas,TX,32.7767,-96.797,LZ_NORTH,interior_utility,Y,2026-08-15T04:56:00Z,2026-08-15T03:56:00Z,2026-08-15T05:55:59Z,fan_stalled,L3_replace_fan,Y,39.2,20000,core-inv-3.4.8,G3,BOM-2026.06,2,2,True,True,True,correct,3,False,pointer://fw-log/BP-CORE-00023-37/20260815T045600Z.bin
BP-CORE-00024-43,Plano,TX,33.0198,-96.6989,LZ_NORTH,garage,Y,2026-08-15T13:14:00Z,2026-08-15T12:14:00Z,2026-08-15T14:13:59Z,fan_stalled,L3_replace_fan,Y,39.2,20000,core-inv-3.4.11,G3,BOM-2026.06,2,2,True,True,True,correct,3,False,pointer://fw-log/BP-CORE-00024-43/20260815T131400Z.bin
BP-CORE-00025-48,Houston,TX,29.7604,-95.3698,LZ_HOUSTON,patio,Y,2026-08-14T20:30:00Z,2026-08-14T19:30:00Z,2026-08-14T21:29:59Z,fan_stalled,L3_replace_fan,Y,39.2,20000,core-inv-3.4.8,G2,BOM-2026.06,2,2,True,True,True,correct,2,True,pointer://fw-log/BP-CORE-00025-48/20260814T203000Z.bin
BP-CORE-00026-13,Katy,TX,29.7858,-95.8245,LZ_HOUSTON,side_yard,Y,2026-08-15T11:49:30Z,2026-08-15T11:06:00Z,2026-08-15T13:05:59Z,fan_unplugged,L2_reseat_fan_harness,Y,39.2,20000,core-inv-3.4.10,G3,BOM-2026.06,2,2,True,True,True,correct,3,True,pointer://fw-log/BP-CORE-00026-13/20260815T114930Z.bin
BP-CORE-00027-72,San Antonio,TX,29.4241,-98.4936,LZ_SOUTH,interior_utility,Y,2026-08-16T02:10:33Z,2026-08-16T01:38:00Z,2026-08-16T03:37:59Z,fan_unplugged,L2_reseat_fan_harness,Y,39.2,20000,core-inv-3.4.8,G3,BOM-2026.06,2,2,True,True,True,correct,3,True,pointer://fw-log/BP-CORE-00027-72/20260816T021033Z.bin
BP-CORE-00028-25,Fort Worth,TX,32.7555,-97.3308,LZ_NORTH,garage,Y,2026-08-15T12:10:14Z,2026-08-15T11:55:00Z,2026-08-15T13:54:59Z,fan_unplugged,L2_reseat_fan_harness,Y,39.2,20000,core-inv-3.4.16,G3,BOM-2026.06,2,2,True,True,True,correct,3,True,pointer://fw-log/BP-CORE-00028-25/20260815T121014Z.bin
BP-CORE-00029-70,El Paso,TX,31.7619,-106.485,LZ_WEST,patio,Y,2026-08-15T01:55:00Z,2026-08-15T00:55:00Z,2026-08-15T02:54:59Z,intake_restricted,L1_clear_intake,Y,39.2,20000,core-inv-3.4.20,G3,BOM-2026.06,2,2,True,True,False,correct,3,False,pointer://fw-log/BP-CORE-00029-70/20260815T015500Z.bin
BP-CORE-00030-47,Austin,TX,30.2672,-97.7431,LZ_SOUTH,side_yard,Y,2026-08-15T13:57:00Z,2026-08-15T12:57:00Z,2026-08-15T14:56:59Z,intake_restricted,L1_clear_intake,Y,39.2,20000,core-inv-3.4.10,G3,BOM-2026.06,2,2,True,True,False,correct,3,True,pointer://fw-log/BP-CORE-00030-47/20260815T135700Z.bin
BP-CORE-00031-21,Round Rock,TX,30.5083,-97.6789,LZ_SOUTH,interior_utility,Y,2026-08-16T06:08:00Z,2026-08-16T05:08:00Z,2026-08-16T07:07:59Z,intake_restricted,L1_clear_intake,Y,39.2,20000,core-inv-3.4.9,G3,BOM-2026.06,2,2,True,True,False,correct,3,True,pointer://fw-log/BP-CORE-00031-21/20260816T060800Z.bin
BP-CORE-00032-75,Cedar Park,TX,30.5052,-97.8203,LZ_SOUTH,garage,Y,2026-08-15T11:38:00Z,2026-08-15T10:38:00Z,2026-08-15T12:37:59Z,intake_restricted,L1_clear_intake,Y,39.2,20000,core-inv-3.4.9,G3,BOM-2026.06,2,2,True,True,False,correct,3,False,pointer://fw-log/BP-CORE-00032-75/20260815T113800Z.bin
BP-CORE-00033-55,Dallas,TX,32.7767,-96.797,LZ_NORTH,patio,Y,2026-08-15T23:25:00Z,2026-08-15T22:25:00Z,2026-08-16T00:24:59Z,igbt_module_fault,L4_pull_inverter,N,39.2,20000,core-inv-3.4.11,G3,BOM-2026.06,2,2,True,True,True,correct,3,False,pointer://fw-log/BP-CORE-00033-55/20260815T232500Z.bin
BP-CORE-00034-24,Plano,TX,33.0198,-96.6989,LZ_NORTH,side_yard,Y,2026-08-14T21:47:00Z,2026-08-14T20:47:00Z,2026-08-14T22:46:59Z,igbt_module_fault,L4_pull_inverter,N,39.2,20000,core-inv-3.4.16,G3,BOM-2026.06,2,2,True,True,True,correct,3,False,pointer://fw-log/BP-CORE-00034-24/20260814T214700Z.bin
BP-CORE-00035-60,Houston,TX,29.7604,-95.3698,LZ_HOUSTON,interior_utility,Y,2026-08-14T20:55:00Z,2026-08-14T19:55:00Z,2026-08-14T21:54:59Z,igbt_module_fault,L4_pull_inverter,N,39.2,20000,core-inv-3.4.13,G3,BOM-2026.06,2,2,True,True,True,correct,3,True,pointer://fw-log/BP-CORE-00035-60/20260814T205500Z.bin
BP-CORE-00036-75,Katy,TX,29.7858,-95.8245,LZ_HOUSTON,garage,Y,2026-08-15T10:03:01Z,2026-08-15T09:23:00Z,2026-08-15T11:22:59Z,sensor_implausible,L3_replace_ntc_do_not_pull_stack,Y,39.2,20000,core-inv-3.4.17,G2,BOM-2026.06,2,2,True,True,True,correct,2,True,pointer://fw-log/BP-CORE-00036-75/20260815T100301Z.bin
BP-CORE-00037-77,San Antonio,TX,29.4241,-98.4936,LZ_SOUTH,patio,Y,2026-08-15T12:05:01Z,2026-08-15T11:25:00Z,2026-08-15T13:24:59Z,sensor_implausible,L3_replace_ntc_do_not_pull_stack,Y,39.2,20000,core-inv-3.4.18,G2,BOM-2026.06,2,2,True,True,True,correct,2,False,pointer://fw-log/BP-CORE-00037-77/20260815T120501Z.bin
BP-CORE-00038-11,Fort Worth,TX,32.7555,-97.3308,LZ_NORTH,side_yard,Y,2026-08-14T20:00:00Z,2026-08-14T19:20:00Z,2026-08-14T21:19:59Z,healthy_false_alarm,L0_suppress_false_page,Y,39.2,20000,core-inv-3.4.17,G3,BOM-2026.06,2,2,True,True,True,correct,3,True,pointer://fw-log/BP-CORE-00038-11/20260814T200000Z.bin
BP-CORE-00039-16,El Paso,TX,31.7619,-106.485,LZ_WEST,interior_utility,Y,2026-08-15T06:34:00Z,2026-08-15T05:54:00Z,2026-08-15T07:53:59Z,healthy_false_alarm,L0_suppress_false_page,Y,39.2,20000,core-inv-3.4.12,G3,BOM-2026.06,2,2,True,True,True,correct,3,False,pointer://fw-log/BP-CORE-00039-16/20260815T063400Z.bin
BP-CORE-00040-36,Austin,TX,30.2672,-97.7431,LZ_SOUTH,garage,Y,2026-08-15T01:28:00Z,2026-08-15T00:48:00Z,2026-08-15T02:47:59Z,healthy_false_alarm,L0_suppress_false_page,Y,39.2,20000,core-inv-3.4.14,G3,BOM-2026.06,2,2,True,True,True,correct,3,True,pointer://fw-log/BP-CORE-00040-36/20260815T012800Z.bin
BP-CORE-00041-11,Round Rock,TX,30.5083,-97.6789,LZ_SOUTH,patio,Y,2026-08-16T04:00:00Z,2026-08-16T03:20:00Z,2026-08-16T05:19:59Z,healthy_false_alarm,L0_suppress_false_page,Y,39.2,20000,core-inv-3.4.17,G3,BOM-2026.06,2,2,True,True,True,correct,3,True,pointer://fw-log/BP-CORE-00041-11/20260816T040000Z.bin
BP-CORE-00042-80,Cedar Park,TX,30.5052,-97.8203,LZ_SOUTH,side_yard,Y,2026-08-15T06:28:00Z,2026-08-15T05:48:00Z,2026-08-15T07:47:59Z,healthy_false_alarm,L0_suppress_false_page,Y,39.2,20000,core-inv-3.4.13,G3,BOM-2026.06,2,2,True,True,True,correct,3,True,pointer://fw-log/BP-CORE-00042-80/20260815T062800Z.bin
BP-CORE-00043-47,Dallas,TX,32.7767,-96.797,LZ_NORTH,interior_utility,Y,2026-08-15T01:14:00Z,2026-08-15T00:14:00Z,2026-08-15T02:13:59Z,ct_reversed,L2_fix_ct_orientation,Y,39.2,20000,core-inv-3.4.20,G3,BOM-2026.06,2,2,True,True,True,reversed,3,True,pointer://fw-log/BP-CORE-00043-47/20260815T011400Z.bin
BP-CORE-00044-68,Plano,TX,33.0198,-96.6989,LZ_NORTH,garage,Y,2026-08-15T02:42:00Z,2026-08-15T01:42:00Z,2026-08-15T03:41:59Z,ct_reversed,L2_fix_ct_orientation,Y,39.2,20000,core-inv-3.4.20,G3,BOM-2026.06,2,2,True,True,True,reversed,3,True,pointer://fw-log/BP-CORE-00044-68/20260815T024200Z.bin
BP-CORE-00045-68,Houston,TX,29.7604,-95.3698,LZ_HOUSTON,patio,Y,2026-08-15T12:08:00Z,2026-08-15T11:08:00Z,2026-08-15T13:07:59Z,comms_stale,L0_no_truck_debug_gateway,Y,39.2,20000,core-inv-3.4.17,G3,BOM-2026.06,2,2,True,True,True,correct,3,True,pointer://fw-log/BP-CORE-00045-68/20260815T120800Z.bin
BP-CORE-00046-67,Katy,TX,29.7858,-95.8245,LZ_HOUSTON,side_yard,Y,2026-08-14T19:18:00Z,2026-08-14T18:18:00Z,2026-08-14T20:17:59Z,comms_stale,L0_no_truck_debug_gateway,Y,39.2,20000,core-inv-3.4.10,G3,BOM-2026.06,2,2,True,True,True,correct,3,False,pointer://fw-log/BP-CORE-00046-67/20260814T191800Z.bin
BP-CORE-00047-72,San Antonio,TX,29.4241,-98.4936,LZ_SOUTH,interior_utility,Y,2026-08-14T23:10:00Z,2026-08-14T22:10:00Z,2026-08-15T00:09:59Z,cell_gradient,L4_pull_pack_module,N,39.2,20000,core-inv-3.4.15,G3,BOM-2026.06,2,2,True,True,True,correct,3,False,pointer://fw-log/BP-CORE-00047-72/20260814T231000Z.bin
BP-CORE-00048-66,Fort Worth,TX,32.7555,-97.3308,LZ_NORTH,garage,Y,2026-08-15T09:36:00Z,2026-08-15T08:36:00Z,2026-08-15T10:35:59Z,cell_gradient,L4_pull_pack_module,N,39.2,20000,core-inv-3.4.11,G3,BOM-2026.06,2,2,True,True,True,correct,3,True,pointer://fw-log/BP-CORE-00048-66/20260815T093600Z.bin
