ts_utc,vin,p_cmd_w,p_ac_w,q_ac_var,tracking_err_w,soc,v_pack_v,i_pack_a,v_dc_link_v,v_a_v,v_b_v,v_c_v,i_a_a,i_b_a,i_c_a,hz,thd_pct,t_ambient_c,t_intake_c,t_exhaust_c,t_cabinet_c,t_heatsink_c,t_board_c,t_magnetics_c,t_igbt_a_c,t_igbt_b_c,t_igbt_c_c,t_cell_min_c,t_cell_mean_c,t_cell_max_c,t_cell_spread_c,delta_t_heatsink_intake_c,fan_pwm_0,fan_pwm_1,fan_rpm_0,fan_rpm_1,fan_current_0_a,fan_current_1_a,fan_fault_0,fan_fault_1,thermal_derate_pct,op_state,evt_over_temp,evt_fan_missing,evt_fan_stall,evt_fan_unplugged,evt_intake_restricted,evt_hot_site,evt_igbt_gradient,evt_sensor_implausible,evt_cell_gradient,evt_ct_reversed,evt_comms_stale,last_pkt_age_ms,gateway_online,islanded,export_blocked,scenario,fw_version,hw_rev,faulted,line_voltage_v,grid_voltage_outside_window,grid_freq_outside_window,cell_overtemp_trip,overtemp_signature,ct_polarity_reversed,checklist_complete,first_boot_self_test_pass,gateway_offline,boot_reason,watchdog_resets,panic_count,repeated_soft_reset,rails_all_present,rail_missing_when_mated,rails_healthy,can_error_frames,can_dropped_frames,can_bus_off_count,can_missing_nodes,can_link_flaps,house_load_kw,islanding_failed,reboot_playbook_done,reseat_playbook_done,fault_repeated_after_both,fw_on_signed_manifest,expected_root_cause,expected_level,expected_action
2026-08-16T01:09:00Z,BP-CORE-00001-84,5785.109,5785.109,40.99336,0.0,0.30434597,369.96817,15.636775,380.20395,240.29881,240.4985,1.6558548,13.2410555,10.824595,0.0048898337,59.997066,1.7216724,33.996944,34.53655,35.24601,35.234512,43.404778,38.74431,39.47921,43.37344,43.811028,43.40701,36.41513,36.79013,37.11513,0.7,8.868228,0.0,0.0,184.3888,210.51385,0.12460212,0.11937799,0,0,0.0,4,0,0,0,0,0,0,0,0,0,0,0,249.45506,1,0,0,normal,core-inv-3.4.9,G3,N,240.2988,N,N,N,N,N,Y,Y,N,power_on,0,0,N,Y,N,Y,0,0,0,,0,,N,N,N,N,Y,no_fault_found,L1,mark_no_fault_found_monitor
2026-08-15T13:18:00Z,BP-CORE-00002-80,6180.008,6180.008,-8.504839,0.0,0.5873147,390.12155,15.841237,400.73038,239.89098,239.81392,2.1622443,14.168954,11.596505,-0.026920266,59.9938,1.6821924,32.84248,33.21999,36.446976,34.009857,42.439953,37.67396,38.206535,42.02477,43.02407,42.290436,35.4439,35.8189,36.143898,0.7,9.219962,0.0,0.0,195.63287,208.85233,0.11540211,0.1330188,0,0,0.0,4,0,0,0,0,0,0,0,0,0,0,0,215.0321,1,0,0,normal,core-inv-3.4.20,G3,N,239.8139,N,N,N,N,N,Y,Y,N,power_on,0,0,N,Y,N,Y,0,0,0,,0,,N,N,N,N,Y,no_fault_found,L1,mark_no_fault_found_monitor
2026-08-14T23:50:00Z,BP-CORE-00003-60,6040.6084,6040.6084,-17.106035,0.0,0.5966137,390.95197,15.451025,401.3927,240.20323,239.45717,2.1616678,13.831347,11.351815,0.052888162,60.00411,1.7937498,27.386202,27.846184,31.035336,28.596376,36.958042,32.224487,32.957355,37.00348,36.948986,36.950233,30.018509,30.393509,30.718508,0.7,9.111859,0.0,0.0,185.58838,233.47926,0.13280647,0.09401419,0,0,0.0,4,0,0,0,0,0,0,0,0,0,0,0,211.63693,1,0,0,normal,core-inv-3.4.11,G3,N,239.4572,N,N,N,N,N,Y,Y,N,power_on,0,0,N,Y,N,Y,0,0,0,,0,,N,N,N,N,Y,no_fault_found,L1,mark_no_fault_found_monitor
2026-08-15T12:53:00Z,BP-CORE-00004-55,5627.4688,5627.4688,110.498665,0.0,0.270224,367.58347,15.309363,377.48065,240.10028,239.86844,2.3231955,12.890896,10.55729,-0.016527768,59.984653,1.6202339,35.98898,36.158546,39.419975,37.031036,45.476913,40.681404,41.57912,45.43398,45.358673,45.67879,38.4442,38.8192,39.1442,0.7,9.318367,0.0,0.0,202.38971,201.87,0.11356265,0.10856228,0,0,0.0,4,0,0,0,0,0,0,0,0,0,0,0,234.36893,1,0,0,normal,core-inv-3.4.20,G3,N,239.8684,N,N,N,N,N,Y,Y,N,power_on,0,0,N,Y,N,Y,0,0,0,,0,,N,N,N,N,Y,no_fault_found,L1,mark_no_fault_found_monitor
2026-08-15T08:56:00Z,BP-CORE-00005-27,66.76634,66.76634,-20.42222,0.0,0.4280239,378.78177,0.17626598,386.79987,239.80917,240.27966,2.240171,0.15312795,0.12504119,0.010929632,59.99809,1.5564864,34.29673,34.945717,36.32032,35.111317,38.87316,35.694927,34.77419,39.031246,38.930317,39.19436,35.363712,35.738712,36.06371,0.7,3.9274454,0.0,0.0,229.97708,192.6557,0.13868812,0.10765148,0,0,0.0,4,0,0,0,0,0,0,0,0,0,0,0,152.53741,1,0,0,normal,core-inv-3.4.18,G2,N,239.8092,N,N,N,N,N,Y,Y,N,power_on,0,0,N,Y,N,Y,0,0,0,,0,,N,N,N,N,Y,no_fault_found,L1,mark_no_fault_found_monitor
2026-08-16T00:20:00Z,BP-CORE-00006-92,5776.1733,5776.1733,-162.72676,0.0,0.5985847,391.07773,14.769886,401.20844,239.91206,240.52666,2.150189,13.241916,10.806611,-0.008627933,59.975304,1.773174,32.97329,33.19675,33.933,34.03885,42.399834,37.63891,38.0547,42.17746,42.278778,42.94869,35.38979,35.76479,36.089787,0.7,9.203081,0.0,0.0,168.85254,216.87244,0.12230804,0.11595985,0,0,0.0,4,0,0,0,0,0,0,0,0,0,0,0,207.6508,1,0,0,normal,core-inv-3.4.12,G3,N,239.9121,N,N,N,N,N,Y,Y,N,power_on,0,0,N,Y,N,Y,0,0,0,,0,,N,N,N,N,Y,no_fault_found,L1,mark_no_fault_found_monitor
2026-08-15T21:08:00Z,BP-CORE-00007-68,6051.7817,6051.7817,-4.0438075,0.0,0.4732255,382.01407,15.841777,392.63904,239.67513,240.26926,1.9560667,13.887465,11.334374,0.009637092,60.000137,1.6085802,27.36658,27.655655,28.40023,28.485199,36.96286,32.1707,32.872604,36.64238,36.770214,36.966846,30.018066,30.393066,30.718065,0.7,9.307207,0.0,0.0,186.04309,189.10663,0.10630077,0.104606144,0,0,0.0,4,0,0,0,0,0,0,0,0,0,0,0,226.81834,1,0,0,normal,core-inv-3.4.19,G3,N,239.6751,N,N,N,N,N,Y,Y,N,power_on,0,0,N,Y,N,Y,0,0,0,,0,,N,N,N,N,Y,no_fault_found,L1,mark_no_fault_found_monitor
2026-08-15T20:22:00Z,BP-CORE-00008-11,5698.8066,5698.8066,-17.40247,0.0,0.443322,380.16525,14.990339,390.58188,240.30965,240.5259,2.3126566,13.042936,10.6619,0.039019782,60.003513,1.7035543,36.01573,36.231144,36.957264,37.0634,45.307648,40.584698,41.721706,45.203,45.23399,45.953144,38.194202,38.569202,38.894203,0.7,9.076501,0.0,0.0,166.81552,206.16649,0.11793326,0.123210944,0,0,0.0,4,0,0,0,0,0,0,0,0,0,0,0,171.54213,1,0,0,normal,core-inv-3.4.16,G2,N,240.3097,N,N,N,N,N,Y,Y,N,power_on,0,0,N,Y,N,Y,0,0,0,,0,,N,N,N,N,Y,no_fault_found,L1,mark_no_fault_found_monitor
2026-08-15T13:47:00Z,BP-CORE-00009-86,17565.424,17565.424,37.09018,0.0,0.5063616,384.52002,45.681427,399.5847,239.96173,240.3391,2.174175,40.260517,32.888702,0.08225021,60.00448,1.9081802,34.252518,34.395493,40.005344,35.948265,50.423637,43.615192,46.56442,50.894897,50.400513,50.257996,39.285355,39.660355,39.985355,0.7,16.028147,1.6034578,1.6034578,246.89685,206.8448,0.122927435,0.10781753,0,0,0.0,4,0,0,0,0,0,0,0,0,0,0,0,217.49632,1,0,0,normal,core-inv-3.4.15,G3,N,239.9617,N,N,N,N,N,Y,Y,N,power_on,0,0,N,Y,N,Y,0,0,0,,0,,N,N,N,N,Y,no_fault_found,L1,mark_no_fault_found_monitor
2026-08-16T00:05:00Z,BP-CORE-00010-18,5451.069,5451.069,14.30118,0.0,0.600425,391.2137,13.933737,401.7046,240.4258,239.54594,2.13785,12.46991,10.240128,0.019376108,59.995636,1.6846837,32.804607,33.25078,33.985176,34.012615,42.430744,37.676754,38.572506,42.460026,42.541294,42.26933,35.422237,35.797237,36.12224,0.7,9.179966,0.0,0.0,217.52101,150.09859,0.11133795,0.13347936,0,0,0.0,4,0,0,0,0,0,0,0,0,0,0,0,227.89418,1,0,0,normal,core-inv-3.4.9,G2,N,239.5459,N,N,N,N,N,Y,Y,N,power_on,0,0,N,Y,N,Y,0,0,0,,0,,N,N,N,N,Y,no_fault_found,L1,mark_no_fault_found_monitor
2026-08-15T17:06:00Z,BP-CORE-00011-22,6071.433,6071.433,-58.832874,0.0,0.52791977,385.9011,15.733132,396.17578,240.18875,239.94342,1.7985418,13.902767,11.386621,-0.109872475,60.008503,1.7266006,41.949326,42.466038,43.41546,42.55645,45.178673,42.364883,40.782825,45.416485,45.67494,45.18837,44.352818,44.727818,45.05282,0.7,2.7126338,15.893574,15.893574,772.3453,775.4044,0.17194921,0.18770011,0,0,0.0,4,0,0,0,0,0,0,0,0,0,0,0,191.27657,1,0,0,hot_site_derate_ok,core-inv-3.4.13,G3,Y,239.9434,N,N,N,N,N,Y,Y,N,power_on,0,0,N,Y,N,Y,0,0,0,,0,,N,N,N,N,Y,no_fault_found,L1,mark_no_fault_found_monitor
2026-08-16T04:32:00Z,BP-CORE-00012-33,5170.1235,5170.1235,-118.03638,0.0,0.38899443,375.7112,13.760898,385.87817,240.16566,240.53859,2.1400738,11.840028,9.6722765,-0.08654114,60.00593,1.6676126,41.97073,42.455612,43.411606,42.559044,45.187023,42.3676,40.940033,45.35676,44.873447,45.00554,44.440655,44.815655,45.140656,0.7,2.731412,15.959571,15.959571,812.33844,846.40533,0.15550813,0.14654152,0,0,0.0,4,0,0,0,0,0,0,0,0,0,0,0,187.57187,1,0,0,hot_site_derate_ok,core-inv-3.4.15,G3,Y,240.1657,N,N,N,N,N,Y,Y,N,power_on,0,0,N,Y,N,Y,0,0,0,,0,,N,N,N,N,Y,no_fault_found,L1,mark_no_fault_found_monitor
2026-08-16T01:57:00Z,BP-CORE-00013-68,5245.425,5245.425,-183.08745,0.0,0.4413069,379.65775,13.816193,389.84464,239.47269,239.46596,2.204905,12.047235,9.857105,0.061870385,60.005047,1.7405895,42.2255,42.44296,43.400394,42.6404,45.178493,42.357834,41.14703,45.44786,45.322617,45.195625,44.444565,44.819565,45.144566,0.7,2.735535,15.910439,15.910439,803.1249,783.632,0.15108249,0.16235031,0,0,0.0,4,0,0,0,0,0,0,0,0,0,0,0,215.59601,1,0,0,hot_site_derate_ok,core-inv-3.4.19,G3,Y,239.4660,N,N,N,N,N,Y,Y,N,power_on,0,0,N,Y,N,Y,0,0,0,,0,,N,N,N,N,Y,no_fault_found,L1,mark_no_fault_found_monitor
2026-08-14T22:03:00Z,BP-CORE-00014-26,5621.2656,5621.2656,-64.42231,0.0,0.6194036,392.6565,14.315988,402.6668,240.32599,239.96896,2.3292124,12.864593,10.541236,-0.024971709,59.994778,1.6890332,42.19453,42.45079,43.40337,42.633266,45.17245,42.355953,41.110928,45.116592,45.132504,45.56067,44.433743,44.808743,45.133743,0.7,2.7216616,15.87499,15.87499,764.7641,839.0129,0.15745631,0.1435162,0,0,0.0,4,0,0,0,0,0,0,0,0,0,0,0,184.14296,1,0,0,hot_site_derate_ok,core-inv-3.4.8,G3,Y,239.9690,N,N,N,N,N,Y,Y,N,power_on,0,0,N,Y,N,Y,0,0,0,,0,,N,N,N,N,Y,no_fault_found,L1,mark_no_fault_found_monitor
2026-08-15T07:00:00Z,BP-CORE-00015-18,5347.094,5347.094,97.202286,0.0,0.48146495,382.63818,13.974283,393.03305,239.94386,240.21323,2.0847661,12.256623,10.016902,0.010113902,60.002254,1.695534,42.2409,42.71989,43.570953,42.795406,45.151493,42.422012,41.28745,45.35024,45.02629,45.334183,44.422512,44.797512,45.12251,0.7,2.4316,15.759451,15.759451,783.3088,836.888,0.17106612,0.15059938,0,0,0.0,4,0,0,0,0,0,0,0,0,0,0,0,243.71312,1,0,0,hot_site_derate_ok,core-inv-3.4.9,G3,Y,239.9439,N,N,N,N,N,Y,Y,N,power_on,0,0,N,Y,N,Y,0,0,0,,0,,N,N,N,N,Y,no_fault_found,L1,mark_no_fault_found_monitor
2026-08-15T05:30:00Z,BP-CORE-00016-57,12808.29,0.0,-94.06973,-12808.29,0.57978094,389.5965,0.0,397.84555,240.05849,240.33218,1.8811494,0.0,0.0,-0.032469206,59.99403,1.5971544,35.52944,36.061283,40.54567,41.48062,92.11611,73.29967,88.3461,92.20041,92.53923,92.415115,42.073586,42.448586,42.773582,0.69999874,56.054832,100.0,100.0,0.0,0.0,0.0,0.0,1,1,56.464455,7,1,1,0,0,0,0,0,0,0,0,0,201.8597,1,0,0,fan_never_installed,core-inv-3.4.17,G3,Y,240.0585,N,N,N,Y,N,N,N,N,power_on,0,0,N,Y,N,Y,0,0,0,,0,,N,N,N,N,Y,thermal_or_safety_event,L0,flag_l0_safety
2026-08-15T10:33:04Z,BP-CORE-00017-18,-10899.158,0.0,-102.34473,10899.158,0.4004317,376.8408,0.0,384.87756,240.38507,240.12701,1.9207851,0.0,0.0,-0.06114088,59.992287,1.5847081,32.247803,32.46922,37.23489,38.348812,92.04011,72.168846,88.040955,91.73211,92.09962,91.76166,37.777794,38.147636,38.467484,0.6896881,59.570892,100.0,100.0,0.0,0.0,0.0,0.0,1,1,56.16044,7,1,1,0,0,0,0,0,0,0,0,0,239.67953,1,0,0,fan_never_installed,core-inv-3.4.19,G3,Y,240.1270,N,N,N,Y,N,N,N,N,power_on,0,0,N,Y,N,Y,0,0,0,,0,,N,N,N,N,Y,thermal_or_safety_event,L0,flag_l0_safety
2026-08-15T06:00:10Z,BP-CORE-00018-74,9432.565,0.0,-161.33182,-9432.565,0.41903657,378.10904,0.0,386.25092,241.00249,240.82426,2.2006245,0.0,0.0,0.03284548,59.996845,1.5840157,31.103838,31.605045,36.437164,37.46977,92.00651,71.88607,88.2038,91.78746,92.1442,92.274536,37.80476,38.17845,38.50214,0.6973809,60.401466,100.0,100.0,0.0,0.0,0.0,0.0,1,1,56.026043,7,1,1,0,0,0,0,0,0,0,0,0,133.11131,1,0,0,fan_never_installed,core-inv-3.4.12,G3,Y,240.8243,N,N,N,Y,N,N,N,N,power_on,0,0,N,Y,N,Y,0,0,0,,0,,N,N,N,N,Y,thermal_or_safety_event,L0,flag_l0_safety
2026-08-15T02:18:18Z,BP-CORE-00019-88,11195.05,0.0,-149.729,-11195.05,0.7373955,401.0641,0.0,408.77795,240.20453,239.82068,1.7185453,0.0,0.0,-0.008282802,60.00536,1.5960968,27.277252,27.64491,32.802727,33.9635,92.11762,70.77581,88.267555,91.733696,91.83744,91.98699,32.958763,33.33364,33.65852,0.69975865,64.47271,100.0,100.0,0.0,0.0,0.0,0.0,1,1,56.470493,7,1,1,0,0,0,0,0,0,0,0,0,214.76646,1,0,0,fan_never_installed,core-inv-3.4.16,G3,Y,239.8207,N,N,N,Y,N,N,N,N,power_on,0,0,N,Y,N,Y,0,0,0,,0,,N,N,N,N,Y,thermal_or_safety_event,L0,flag_l0_safety
2026-08-15T15:13:05Z,BP-CORE-00020-53,7493.599,0.0,-48.563976,-7493.599,0.44072542,379.59308,0.0,387.89816,240.03757,239.9789,2.369188,0.0,0.0,-0.038761772,59.997734,1.5633168,35.43179,35.85866,40.350296,41.323803,92.0041,73.16047,88.192795,92.079445,91.86163,92.41031,42.28698,42.66198,42.98698,0.6999991,56.145435,100.0,100.0,0.0,0.0,0.0,0.0,1,1,56.0164,7,1,1,0,0,0,0,0,0,0,0,0,181.18517,1,0,0,fan_never_installed,core-inv-3.4.16,G3,Y,239.9789,N,N,N,Y,N,N,N,N,power_on,0,0,N,Y,N,Y,0,0,0,,0,,N,N,N,N,Y,thermal_or_safety_event,L0,flag_l0_safety
2026-08-16T00:03:26Z,BP-CORE-00021-55,7980.4434,0.0,-48.12541,-7980.4434,0.43604848,379.43445,0.0,387.03857,239.58112,239.60236,1.7206076,0.0,0.0,0.02809919,59.994843,1.5988638,33.019646,33.415836,38.103474,39.136715,92.01128,72.43264,87.91554,92.273575,92.09129,91.96908,40.639145,41.014145,41.33914,0.6999997,58.595436,100.0,100.0,0.0,0.0,0.0,0.0,1,1,56.0451,7,1,1,0,0,0,0,0,0,0,0,0,210.50163,1,0,0,fan_never_installed,core-inv-3.4.11,G3,Y,239.5811,N,N,N,Y,N,N,N,N,power_on,0,0,N,Y,N,Y,0,0,0,,0,,N,N,N,N,Y,thermal_or_safety_event,L0,flag_l0_safety
2026-08-15T02:45:00Z,BP-CORE-00022-94,5745.95,5745.95,-45.03546,0.0,0.4510188,380.56244,15.098575,390.47714,240.23997,240.17142,1.8188306,13.15465,10.765967,-0.11333786,60.008656,1.6702677,32.657085,32.68185,35.38914,36.057297,66.52301,54.370663,62.377117,66.31118,66.33396,66.95915,38.015427,38.390427,38.715427,0.7,33.84116,66.1698,66.1698,45.375107,40.842953,1.1551486,1.1799985,1,1,0.0,4,0,0,1,0,0,0,0,0,0,0,0,194.19623,1,0,0,fan_stalled,core-inv-3.4.13,G2,Y,240.1714,N,N,N,N,N,Y,Y,N,power_on,0,0,N,Y,N,Y,0,0,0,,0,,N,N,N,N,Y,no_fault_found,L1,mark_no_fault_found_monitor
2026-08-15T04:56:00Z,BP-CORE-00023-37,5066.8315,5066.8315,16.249943,0.0,0.5172563,385.15253,13.155389,395.6424,239.59703,240.61209,1.7556798,11.631018,9.476141,-0.055840608,60.002617,1.7159939,27.695599,28.05968,30.707375,31.241869,61.15585,49.226997,57.232307,60.737385,60.90878,61.2532,32.61021,32.98521,33.31021,0.7,33.09617,44.774513,44.774513,53.16379,35.369125,1.0784234,1.0616661,1,1,0.0,4,0,0,1,0,0,0,0,0,0,0,0,231.69424,1,0,0,fan_stalled,core-inv-3.4.8,G3,Y,239.5970,N,N,N,N,N,Y,Y,N,power_on,0,0,N,Y,N,Y,0,0,0,,0,,N,N,N,N,Y,no_fault_found,L1,mark_no_fault_found_monitor
2026-08-15T13:14:00Z,BP-CORE-00024-43,5338.399,5338.399,104.15095,0.0,0.7625896,402.8747,13.250769,413.01358,240.13068,239.78644,2.046492,12.227174,10.018414,0.0032740722,59.98971,1.7593932,35.88058,36.226547,38.876804,39.41828,69.35476,57.416298,65.148,69.52794,69.46012,69.33329,40.81414,41.18914,41.514137,0.7,33.128212,77.528885,77.528885,50.15541,35.375317,1.1991308,1.2397453,1,1,0.0,4,0,0,1,0,0,0,0,0,0,0,0,224.14337,1,0,0,fan_stalled,core-inv-3.4.11,G3,Y,239.7864,N,N,N,N,N,Y,Y,N,power_on,0,0,N,Y,N,Y,0,0,0,,0,,N,N,N,N,Y,no_fault_found,L1,mark_no_fault_found_monitor
2026-08-14T20:30:00Z,BP-CORE-00025-48,5686.8096,5686.8096,-7.4753904,0.0,0.5436834,387.2911,14.683554,397.4484,239.72404,239.64647,1.9742541,13.047274,10.678498,0.0509892,59.981647,1.625281,34.06533,34.503605,37.14968,37.657803,67.57956,55.656773,63.642467,67.74837,67.655136,67.33264,38.98614,39.36114,39.686142,0.7,33.075954,70.37092,70.37092,42.52346,38.263218,1.1478627,1.1235706,1,1,0.0,4,0,0,1,0,0,0,0,0,0,0,0,189.3936,1,0,0,fan_stalled,core-inv-3.4.8,G2,Y,239.6465,N,N,N,N,N,Y,Y,N,power_on,0,0,N,Y,N,Y,0,0,0,,0,,N,N,N,N,Y,no_fault_found,L1,mark_no_fault_found_monitor
2026-08-15T11:49:30Z,BP-CORE-00026-13,8497.147,0.0,21.5804,-8497.147,0.7392886,401.139,0.0,408.6312,239.92877,239.63338,2.359289,0.0,0.0,-0.07453579,59.999428,1.5846994,32.426685,32.66392,37.411877,38.515835,92.01339,72.20855,88.016014,91.65118,91.81269,92.27084,40.000458,40.375458,40.70046,0.69999987,59.34947,100.0,100.0,0.0,0.0,0.013239069,0.005675824,1,1,56.053562,7,1,0,0,1,0,0,0,0,0,0,0,211.5157,1,0,0,fan_unplugged,core-inv-3.4.10,G3,Y,239.6334,N,N,N,Y,N,Y,Y,N,power_on,0,0,N,Y,N,Y,0,0,0,,0,,N,N,N,N,Y,thermal_or_safety_event,L0,flag_l0_safety
2026-08-16T02:10:33Z,BP-CORE-00027-72,14778.547,0.0,-66.33867,-14778.547,0.44589126,379.8245,0.0,387.77188,239.8864,240.15349,1.6876129,0.0,0.0,-0.031118765,59.987213,1.7022525,27.387623,27.721197,32.889656,34.065018,92.32693,70.94521,88.29416,92.43155,92.16482,92.14165,32.979263,33.35426,33.679256,0.6999944,64.605736,100.0,100.0,0.0,0.0,0.00511062,0.011752943,1,1,57.30772,7,1,0,0,1,0,0,0,0,0,0,0,131.04521,1,0,0,fan_unplugged,core-inv-3.4.8,G3,Y,239.8864,N,N,N,Y,N,Y,Y,N,power_on,0,0,N,Y,N,Y,0,0,0,,0,,N,N,N,N,Y,thermal_or_safety_event,L0,flag_l0_safety
2026-08-15T12:10:14Z,BP-CORE-00028-25,8750.941,0.0,136.98866,-8750.941,0.41406402,377.83157,0.0,385.81915,239.72733,239.42253,1.9519194,0.0,0.0,0.09411296,59.994522,1.5458232,34.878418,35.25185,39.79731,40.802975,92.07014,73.02465,88.47499,91.56563,91.84892,91.99035,40.43917,40.813255,41.137337,0.69816643,56.818287,100.0,100.0,0.0,0.0,0.018984491,0.009760431,1,1,56.28054,7,1,0,0,1,0,0,0,0,0,0,0,209.76738,1,0,0,fan_unplugged,core-inv-3.4.16,G3,Y,239.4225,N,N,N,Y,N,Y,Y,N,power_on,0,0,N,Y,N,Y,0,0,0,,0,,N,N,N,N,Y,thermal_or_safety_event,L0,flag_l0_safety
2026-08-15T01:55:00Z,BP-CORE-00029-70,1326.7413,1326.7413,-96.283455,0.0,0.3284013,371.69254,3.569459,380.28342,239.24368,239.99489,1.7433722,3.0500605,2.487693,-0.031079497,59.996235,1.5931062,33.76773,43.35859,45.16796,40.518753,48.52823,44.977337,44.54503,48.893017,48.782734,48.303127,41.393715,41.768715,42.09371,0.7,5.169639,0.0,0.0,199.98991,240.31827,0.13966088,0.11580341,0,0,0.0,4,0,0,0,0,1,0,0,0,0,0,0,212.9857,1,0,0,intake_restricted,core-inv-3.4.20,G3,Y,239.2437,N,N,N,N,N,N,Y,N,power_on,0,0,N,Y,N,Y,0,0,0,,0,,N,N,N,N,Y,install_commissioning_incomplete,L4,dispatch_technician
2026-08-15T13:57:00Z,BP-CORE-00030-47,6340.3945,6340.3945,30.141527,0.0,0.74850565,401.89304,15.776323,412.0884,239.92845,240.12222,1.9303155,14.534404,11.882189,-0.019031407,60.013367,1.6482123,32.921787,42.615036,45.29001,39.98668,50.257816,45.96498,46.025013,50.294636,50.266933,49.87286,41.275837,41.650837,41.975838,0.7,7.6427784,1.0122323,1.0122323,239.92613,236.36366,0.111756474,0.11150686,0,0,0.0,4,0,0,0,0,1,0,0,0,0,0,0,230.00359,1,0,0,intake_restricted,core-inv-3.4.10,G3,Y,239.9284,N,N,N,N,N,N,Y,N,power_on,0,0,N,Y,N,Y,0,0,0,,0,,N,N,N,N,Y,install_commissioning_incomplete,L4,dispatch_technician
2026-08-16T06:08:00Z,BP-CORE-00031-21,6540.741,6540.741,17.165123,0.0,0.27962855,368.0698,17.770384,378.64252,240.26949,239.54105,2.3142915,14.972386,12.287387,-0.034561276,60.002213,1.7590791,27.514128,37.268246,37.996536,34.764668,46.37188,41.64079,42.590343,46.068714,46.66224,46.112232,36.133537,36.508537,36.833538,0.7,9.103634,0.0,0.0,200.2561,199.16394,0.10441874,0.12275889,0,0,0.0,4,0,0,0,0,1,0,0,0,0,0,0,172.61646,1,0,0,intake_restricted,core-inv-3.4.9,G3,Y,239.5411,N,N,N,N,N,N,Y,N,power_on,0,0,N,Y,N,Y,0,0,0,,0,,N,N,N,N,Y,install_commissioning_incomplete,L4,dispatch_technician
2026-08-15T11:38:00Z,BP-CORE-00032-75,6206.978,6206.978,-57.22195,0.0,0.38137516,375.43652,16.532696,385.57855,240.26697,240.34012,1.769537,14.208519,11.621614,0.07433651,59.990818,1.6769898,36.206295,45.798138,47.620144,42.961567,51.003872,47.442154,47.13168,51.141964,50.999844,51.106037,44.022495,44.397495,44.722496,0.7,5.205736,4.0093107,4.0093107,367.7601,384.88443,0.12800398,0.15218033,0,0,0.0,4,0,0,0,0,1,0,0,0,0,0,0,204.14136,1,0,0,intake_restricted,core-inv-3.4.9,G3,Y,240.2670,N,N,N,N,N,N,Y,N,power_on,0,0,N,Y,N,Y,0,0,0,,0,,N,N,N,N,Y,install_commissioning_incomplete,L4,dispatch_technician
2026-08-15T23:25:00Z,BP-CORE-00033-55,6178.722,6178.722,-141.71104,0.0,0.28742063,368.8784,16.750027,379.32407,239.42674,239.8903,2.0854304,14.193474,11.590402,0.0012112508,60.01749,1.785743,34.21198,34.37922,39.674133,35.833515,49.507545,42.969048,45.625767,77.28724,49.272655,50.56157,37.17055,37.54555,37.87055,0.7,15.128327,0.0,0.0,213.32175,224.67082,0.10054829,0.1144548,0,0,0.0,4,0,0,0,0,0,0,1,0,0,0,0,223.02776,1,0,0,igbt_module_fault,core-inv-3.4.11,G3,Y,239.4267,N,N,N,N,N,Y,Y,N,power_on,0,0,N,Y,N,Y,0,0,0,,0,,N,N,N,N,Y,no_fault_found,L1,mark_no_fault_found_monitor
2026-08-14T21:47:00Z,BP-CORE-00034-24,5651.443,5651.443,-19.730202,0.0,0.73415196,400.84702,14.098752,411.50424,240.4214,239.70425,1.5378098,12.928522,10.6095295,0.010392099,59.9788,1.7690746,32.862755,33.380302,34.585342,34.705463,48.44332,41.924416,44.677624,76.67229,48.397026,49.25748,36.019646,36.394646,36.719643,0.7,15.063019,0.0,0.0,216.29836,182.35509,0.108452335,0.12544535,0,0,0.0,4,0,0,0,0,0,0,1,0,0,0,0,210.21387,1,0,0,igbt_module_fault,core-inv-3.4.16,G3,Y,239.7043,N,N,N,N,N,Y,Y,N,power_on,0,0,N,Y,N,Y,0,0,0,,0,,N,N,N,N,Y,no_fault_found,L1,mark_no_fault_found_monitor
2026-08-14T20:55:00Z,BP-CORE-00035-60,5936.8154,5936.8154,-62.525608,0.0,0.2850842,368.82324,16.096642,379.27512,239.73198,239.99811,1.7335888,13.620412,11.131617,-0.065244146,59.99233,1.7323248,27.573769,27.965282,29.17724,29.343199,43.114746,36.56991,39.365417,71.25851,43.430397,44.35001,30.152546,30.527546,30.852545,0.7,15.149463,0.0,0.0,175.19913,202.06961,0.121254556,0.11706658,0,0,0.0,4,0,0,0,0,0,0,1,0,0,0,0,171.07199,1,0,0,igbt_module_fault,core-inv-3.4.13,G3,Y,239.7320,N,N,N,N,N,Y,Y,N,power_on,0,0,N,Y,N,Y,0,0,0,,0,,N,N,N,N,Y,no_fault_found,L1,mark_no_fault_found_monitor
2026-08-15T10:03:01Z,BP-CORE-00036-75,7278.3164,727.83167,196.25714,-6550.485,0.7823854,404.66806,1.7985892,412.44284,239.91771,239.89854,2.0780537,1.6685196,1.3652616,-0.06823532,60.00897,1.5994086,35.308414,35.93908,39.572037,36.756336,96.55817,41.204994,42.081554,96.82545,96.30787,96.52336,38.16933,38.54433,38.869328,0.6999995,60.619087,0.0,0.0,217.06354,233.49718,0.1419099,0.122567706,0,0,0.0,7,1,0,0,0,0,0,0,1,0,0,0,208.87132,1,0,0,sensor_implausible,core-inv-3.4.17,G2,Y,239.8985,N,N,N,Y,N,Y,Y,N,power_on,0,0,N,Y,N,Y,0,0,0,,0,,N,N,N,N,Y,thermal_or_safety_event,L0,flag_l0_safety
2026-08-15T12:05:01Z,BP-CORE-00037-77,7317.6885,731.76886,7.0439715,-6585.9194,0.6646305,395.62973,1.8496306,403.88895,239.90756,240.15297,1.3461431,1.6776164,1.3711926,0.042643618,60.003853,1.5755002,33.184845,33.53231,34.387695,34.479927,96.1353,39.016914,40.25073,95.769394,95.67306,95.949425,35.957973,36.332973,36.657974,0.6999995,62.60299,0.0,0.0,199.90103,184.57399,0.11921756,0.12281703,0,0,0.0,7,1,0,0,0,0,0,0,1,0,0,0,254.14151,1,0,0,sensor_implausible,core-inv-3.4.18,G2,Y,239.9076,N,N,N,Y,N,Y,Y,N,power_on,0,0,N,Y,N,Y,0,0,0,,0,,N,N,N,N,Y,thermal_or_safety_event,L0,flag_l0_safety
2026-08-14T20:00:00Z,BP-CORE-00038-11,923.64966,923.64966,65.54139,0.0,0.748971,401.80197,2.2987685,410.19208,240.80159,240.8227,2.2037668,2.109651,1.7259269,-0.06629863,60.018627,1.6139859,32.324917,32.74135,34.402676,33.070263,37.488003,34.064007,33.792885,37.793182,37.633472,37.697983,33.111763,33.486763,33.811764,0.6999995,4.746656,0.0,0.0,203.04,258.82724,0.118213266,0.116803296,0,0,0.0,7,1,0,0,0,0,0,0,0,0,0,0,168.71393,1,0,0,healthy_false_alarm,core-inv-3.4.17,G3,Y,240.8016,N,N,N,Y,N,Y,Y,N,power_on,0,0,N,Y,N,Y,0,0,0,,0,,N,N,N,N,Y,thermal_or_safety_event,L0,flag_l0_safety
2026-08-15T06:34:00Z,BP-CORE-00039-16,1740.1212,1740.1212,141.46478,0.0,0.50849766,384.92175,4.5207143,393.63226,239.07361,239.75293,1.8623078,4.00323,3.2660897,-0.037987445,60.006508,1.6496835,27.54453,27.69121,28.070143,28.11354,32.427887,29.006884,28.329903,32.697357,32.850693,32.301014,28.116554,28.491554,28.816553,0.6999995,4.7366786,0.0,0.0,218.16985,171.40945,0.117890246,0.1081809,0,0,0.0,7,1,0,0,0,0,0,0,0,0,0,0,191.57668,1,0,0,healthy_false_alarm,core-inv-3.4.12,G3,Y,239.0736,N,N,N,Y,N,Y,Y,N,power_on,0,0,N,Y,N,Y,0,0,0,,0,,N,N,N,N,Y,thermal_or_safety_event,L0,flag_l0_safety
2026-08-15T01:28:00Z,BP-CORE-00040-36,1672.4867,1672.4867,13.264959,0.0,0.72233504,400.10287,4.1801414,408.64005,240.13365,240.02637,2.1790795,3.830649,3.1355681,-0.05071881,60.003582,1.5931586,35.188442,35.401367,37.238808,35.851826,40.6512,37.07625,36.51652,40.78396,40.67358,40.470226,36.20565,36.58065,36.90565,0.6999995,5.2498326,0.0,0.0,219.60394,198.24529,0.12337604,0.11946293,0,0,0.0,7,1,0,0,0,0,0,0,0,0,0,0,135.89838,1,0,0,healthy_false_alarm,core-inv-3.4.14,G3,Y,240.0264,N,N,N,Y,N,Y,Y,N,power_on,0,0,N,Y,N,Y,0,0,0,,0,,N,N,N,N,Y,thermal_or_safety_event,L0,flag_l0_safety
2026-08-16T04:00:00Z,BP-CORE-00041-11,2489.3508,2489.3508,-90.18892,0.0,0.42166707,378.10306,6.583789,387.17444,238.84113,240.36229,1.8338428,5.732442,4.6604977,0.0012960484,59.994644,1.7145684,33.25013,33.72694,35.38856,34.034805,38.47443,35.050182,34.486435,38.547554,38.11506,38.853523,34.033142,34.408142,34.733143,0.6999995,4.7474895,0.0,0.0,213.62244,187.96901,0.12307362,0.12893583,0,0,0.0,7,1,0,0,0,0,0,0,0,0,0,0,236.5228,1,0,0,healthy_false_alarm,core-inv-3.4.17,G3,Y,238.8411,N,N,N,Y,N,Y,Y,N,power_on,0,0,N,Y,N,Y,0,0,0,,0,,N,N,N,N,Y,thermal_or_safety_event,L0,flag_l0_safety
2026-08-15T06:28:00Z,BP-CORE-00042-80,2386.2803,2386.2803,4.073379,0.0,0.7711822,403.35822,5.9160323,412.44553,240.2146,239.8297,1.8852069,5.4636736,4.4774528,-0.05196563,60.00909,1.6933022,32.21556,32.8224,34.494255,33.087677,37.59912,34.166107,33.71357,37.687782,37.483913,37.748817,33.11184,33.48684,33.811836,0.6999995,4.7767215,0.0,0.0,179.8937,245.04167,0.13073762,0.12837791,0,0,0.0,7,1,0,0,0,0,0,0,0,0,0,0,202.28416,1,0,0,healthy_false_alarm,core-inv-3.4.13,G3,Y,239.8297,N,N,N,Y,N,Y,Y,N,power_on,0,0,N,Y,N,Y,0,0,0,,0,,N,N,N,N,Y,thermal_or_safety_event,L0,flag_l0_safety
2026-08-15T01:14:00Z,BP-CORE-00043-47,5920.7227,5920.7227,-74.80104,0.0,0.38999727,376.0506,15.744485,386.57956,239.76758,240.3122,1.6582011,-13.581475,-11.086933,0.0880673,60.013718,1.6955076,27.43642,27.751112,30.97794,28.562922,36.970615,32.204765,33.041206,36.802498,36.46788,37.313625,30.009232,30.384232,30.70923,0.7,9.219502,0.0,0.0,206.52625,224.01076,0.1277819,0.11630821,0,0,0.0,4,0,0,0,0,0,0,0,0,0,1,0,258.61966,1,0,0,ct_reversed,core-inv-3.4.20,G3,Y,239.7676,N,N,N,N,Y,Y,Y,N,power_on,0,0,N,Y,N,Y,0,0,0,,0,,N,N,N,N,Y,install_wiring_or_sense_error,L4,dispatch_technician
2026-08-15T02:42:00Z,BP-CORE-00044-68,5718.299,5718.299,20.626572,0.0,0.5464134,387.33313,14.763258,397.85657,240.3181,239.80602,1.9779929,-13.08709,-10.730484,-0.082785994,59.98747,1.6661353,36.02304,36.542786,39.61379,37.238304,45.317078,40.684788,41.108776,45.255947,45.142162,45.11678,38.424362,38.799362,39.124363,0.7,8.774292,0.0,0.0,262.5094,207.08179,0.10152351,0.13145293,0,0,0.0,4,0,0,0,0,0,0,0,0,0,1,0,205.33664,1,0,0,ct_reversed,core-inv-3.4.20,G3,Y,239.8060,N,N,N,N,Y,Y,Y,N,power_on,0,0,N,Y,N,Y,0,0,0,,0,,N,N,N,N,Y,install_wiring_or_sense_error,L4,dispatch_technician
2026-08-15T12:08:00Z,BP-CORE-00045-68,5855.611,5855.611,58.082634,0.0,0.97,418.04684,14.007069,428.57275,239.64632,239.44418,2.2960987,13.438912,11.004756,0.089784496,60.00791,1.7933297,33.632484,34.134018,37.363968,34.881325,43.362442,38.593914,39.88323,43.4189,43.643776,43.600544,36.253757,36.628757,36.953754,0.7,9.228424,0.0,0.0,236.30127,250.16959,0.123005606,0.11607752,0,0,0.0,4,0,0,0,0,0,0,0,0,0,0,0,800.0,0,0,0,comms_stale,core-inv-3.4.17,G3,Y,239.4442,N,N,N,N,N,Y,Y,Y,power_on,0,0,N,Y,N,Y,0,0,0,,0,,N,N,N,N,Y,unknown,L0,request_log_dump
2026-08-14T19:18:00Z,BP-CORE-00046-67,5436.9585,5436.9585,-79.09721,0.0,0.84763896,409.00845,13.293022,419.07755,240.13019,240.11472,2.4316432,12.452941,10.189426,-0.05807104,59.99295,1.7496078,33.186016,33.489727,36.59676,34.271152,42.366966,37.703793,38.193512,42.50716,42.61568,42.625343,35.250214,35.625214,35.950214,0.7,8.877239,0.0,0.0,235.78795,166.71841,0.12023528,0.1256125,0,0,0.0,4,0,0,0,0,0,0,0,0,0,0,0,800.0,0,0,0,comms_stale,core-inv-3.4.10,G3,Y,240.1147,N,N,N,N,N,Y,Y,Y,power_on,0,0,N,Y,N,Y,0,0,0,,0,,N,N,N,N,Y,unknown,L0,request_log_dump
2026-08-14T23:10:00Z,BP-CORE-00047-72,5797.711,5797.711,166.49286,0.0,0.37286532,374.7928,15.469111,385.15405,239.57108,240.04788,1.868533,13.310209,10.868541,-0.035462502,60.00828,1.6343313,27.483744,27.756353,28.497217,28.587019,37.017155,32.238914,33.035202,37.07218,37.307796,37.54014,28.879192,32.879192,41.379192,12.5,9.260802,0.0,0.0,178.57126,188.81499,0.1403213,0.120549075,0,0,0.0,4,0,0,0,0,0,0,0,0,1,0,0,209.19719,1,0,0,cell_gradient,core-inv-3.4.15,G3,Y,239.5711,N,N,N,N,N,Y,Y,N,power_on,0,0,N,Y,N,Y,0,0,0,,0,,N,N,N,N,Y,no_fault_found,L1,mark_no_fault_found_monitor
2026-08-15T09:36:00Z,BP-CORE-00048-66,5856.7246,5856.7246,65.72202,0.0,0.6818774,396.98914,14.752858,407.25833,239.87889,239.9758,1.7307898,13.428436,10.982466,-0.12244693,60.00052,1.652388,36.07495,36.445114,39.630585,37.225693,45.54645,40.81605,41.38966,45.685555,45.070824,45.69898,37.270565,41.270565,49.770565,12.5,9.101337,0.0,0.0,214.05667,187.8824,0.1107069,0.10423113,0,0,0.0,4,0,0,0,0,0,0,0,0,1,0,0,268.4055,1,0,0,cell_gradient,core-inv-3.4.11,G3,Y,239.8789,N,N,N,N,N,Y,Y,N,power_on,0,0,N,Y,N,Y,0,0,0,,0,,N,N,N,N,Y,no_fault_found,L1,mark_no_fault_found_monitor
2026-08-16T01:09:00Z,BP-CORE-9001-01,5785.109,5785.109,40.99336,0.0,0.30434597,369.96817,15.636775,380.20395,240.29881,240.4985,1.6558548,13.2410555,10.824595,0.0048898337,59.997066,1.7216724,33.996944,34.53655,35.24601,35.234512,43.404778,38.74431,39.47921,43.37344,43.811028,43.40701,36.41513,36.79013,37.11513,0.7,8.868228,0.0,0.0,184.3888,210.51385,0.12460212,0.11937799,0,0,0.0,4,0,0,0,0,0,0,0,0,0,0,0,249.45506,1,0,0,fixture_fw_mismatch,core-inv-3.3.0,G3,Y,240.2988,N,N,N,N,N,Y,Y,N,power_on,0,0,N,Y,N,Y,0,0,0,,0,,N,N,N,N,N,fw_version_mismatch,L3,ota_allowlisted_fw
2026-08-16T01:09:00Z,BP-CORE-9002-02,5785.109,5785.109,40.99336,0.0,0.30434597,369.96817,15.636775,380.20395,240.29881,240.4985,1.6558548,13.2410555,10.824595,0.0048898337,59.997066,1.7216724,33.996944,34.53655,35.24601,35.234512,43.404778,38.74431,39.47921,43.37344,43.811028,43.40701,36.41513,36.79013,37.11513,0.7,8.868228,0.0,0.0,184.3888,210.51385,0.12460212,0.11937799,0,0,0.0,4,0,0,0,0,0,0,0,0,0,0,0,249.45506,1,0,0,fixture_watchdog,core-inv-3.4.9,G3,Y,240.2988,N,N,N,N,N,Y,Y,N,WDT,3,0,Y,Y,N,Y,0,0,0,,0,,N,N,N,N,Y,fw_soft_fault_reboot_candidate,L2,reboot_firmware
2026-08-16T01:09:00Z,BP-CORE-9003-03,5785.109,5785.109,40.99336,0.0,0.30434597,369.96817,15.636775,380.20395,240.29881,240.4985,1.6558548,13.2410555,10.824595,0.0048898337,59.997066,1.7216724,33.996944,34.53655,35.24601,35.234512,43.404778,38.74431,39.47921,43.37344,43.811028,43.40701,36.41513,36.79013,37.11513,0.7,8.868228,0.0,0.0,184.3888,210.51385,0.12460212,0.11937799,0,0,0.0,4,0,0,0,0,0,0,0,0,0,0,0,249.45506,1,0,0,fixture_can_bus_off,core-inv-3.4.9,G3,Y,240.2988,N,N,N,N,N,Y,Y,N,power_on,0,0,N,Y,N,Y,0,0,3,0x23,0,,N,N,N,N,Y,can_link_unreliable,L4,dispatch_technician
2026-08-16T01:09:00Z,BP-CORE-9004-04,5785.109,5785.109,40.99336,0.0,0.30434597,369.96817,15.636775,380.20395,240.29881,240.4985,1.6558548,13.2410555,10.824595,0.0048898337,59.997066,1.7216724,33.996944,34.53655,35.24601,35.234512,43.404778,38.74431,39.47921,43.37344,43.811028,43.40701,36.41513,36.79013,37.11513,0.7,8.868228,0.0,0.0,184.3888,210.51385,0.12460212,0.11937799,0,0,0.0,4,0,0,0,0,0,0,0,0,0,0,0,249.45506,1,0,0,fixture_can_drops,core-inv-3.4.9,G3,Y,240.2988,N,N,N,N,N,Y,Y,N,power_on,0,0,N,Y,N,Y,0,10,0,,0,,N,N,N,N,Y,can_link_unreliable,L1,request_log_dump
2026-08-16T01:09:00Z,BP-CORE-9005-05,5785.109,5785.109,40.99336,0.0,0.30434597,369.96817,15.636775,380.20395,240.29881,240.4985,1.6558548,13.2410555,10.824595,0.0048898337,59.997066,1.7216724,33.996944,34.53655,35.24601,35.234512,43.404778,38.74431,39.47921,43.37344,43.811028,43.40701,36.41513,36.79013,37.11513,0.7,8.868228,0.0,0.0,184.3888,210.51385,0.12460212,0.11937799,0,0,0.0,4,0,0,0,0,0,0,0,0,0,0,0,249.45506,1,0,0,fixture_commissioning,core-inv-3.4.9,G3,Y,240.2988,N,N,N,N,N,N,Y,N,power_on,0,0,N,Y,N,Y,0,0,0,,0,,N,N,N,N,Y,install_commissioning_incomplete,L4,dispatch_technician
2026-08-16T01:09:00Z,BP-CORE-9006-06,5785.109,5785.109,40.99336,0.0,0.30434597,369.96817,15.636775,380.20395,240.29881,240.4985,1.6558548,13.2410555,10.824595,0.0048898337,59.997066,1.7216724,33.996944,34.53655,35.24601,35.234512,43.404778,38.74431,39.47921,43.37344,43.811028,43.40701,36.41513,36.79013,37.11513,0.7,8.868228,0.0,0.0,184.3888,210.51385,0.12460212,0.11937799,0,0,0.0,4,0,0,0,0,0,0,0,0,0,0,0,249.45506,1,0,0,fixture_grid_home,core-inv-3.4.9,G3,Y,240.2988,N,N,N,N,N,Y,Y,N,power_on,0,0,N,Y,N,Y,0,0,0,,0,12.5,Y,N,N,N,Y,grid_or_home_side_condition,L1,mark_no_fault_found_monitor
2026-08-16T01:09:00Z,BP-CORE-9007-07,5785.109,5785.109,40.99336,0.0,0.30434597,369.96817,15.636775,380.20395,240.29881,240.4985,1.6558548,13.2410555,10.824595,0.0048898337,59.997066,1.7216724,33.996944,34.53655,35.24601,35.234512,43.404778,38.74431,39.47921,43.37344,43.811028,43.40701,36.41513,36.79013,37.11513,0.7,8.868228,0.0,0.0,184.3888,210.51385,0.12460212,0.11937799,0,0,0.0,4,0,0,0,0,0,0,0,0,0,0,0,249.45506,1,0,0,fixture_hardware,core-inv-3.4.9,G3,Y,240.2988,N,N,N,N,N,,,N,power_on,0,0,N,,,,,,,,,,N,Y,Y,Y,Y,true_hardware_defect,L4,schedule_hq_recovery
2026-08-16T01:09:00Z,BP-CORE-9008-08,5785.109,5785.109,40.99336,0.0,0.30434597,369.96817,15.636775,380.20395,240.29881,240.4985,1.6558548,13.2410555,10.824595,0.0048898337,59.997066,1.7216724,33.996944,34.53655,35.24601,35.234512,43.404778,38.74431,39.47921,43.37344,43.811028,43.40701,36.41513,36.79013,37.11513,0.7,8.868228,0.0,0.0,184.3888,210.51385,0.12460212,0.11937799,0,0,0.0,4,1,0,0,0,0,0,0,0,0,0,0,249.45506,1,0,0,fixture_l0_and_stale_fw,core-inv-3.3.0,G3,Y,240.2988,N,N,N,Y,N,Y,Y,N,power_on,0,0,N,Y,N,Y,0,0,0,,0,,N,N,N,N,N,thermal_or_safety_event,L0,flag_l0_safety
2026-08-16T01:09:00Z,BP-CORE-9009-09,5785.109,5785.109,40.99336,0.0,0.30434597,369.96817,15.636775,380.20395,240.29881,240.4985,1.6558548,13.2410555,10.824595,0.0048898337,59.997066,1.7216724,33.996944,34.53655,35.24601,35.234512,43.404778,38.74431,39.47921,43.37344,43.811028,43.40701,36.41513,36.79013,37.11513,0.7,8.868228,0.0,0.0,184.3888,210.51385,0.12460212,0.11937799,0,0,0.0,4,0,0,0,0,0,0,0,0,0,0,0,249.45506,1,0,0,fixture_single_watchdog,core-inv-3.4.9,G3,Y,240.2988,N,N,N,N,N,Y,Y,N,WDT,1,0,N,Y,N,Y,0,0,0,,0,,N,N,N,N,Y,no_fault_found,L1,mark_no_fault_found_monitor
