ts_utc,vin,p_cmd_w,p_ac_w,q_ac_var,tracking_err_w,soc,v_pack_v,i_pack_a,v_dc_link_v,v_a_v,v_b_v,v_c_v,i_a_a,i_b_a,i_c_a,hz,thd_pct,t_ambient_c,t_intake_c,t_exhaust_c,t_cabinet_c,t_heatsink_c,t_board_c,t_magnetics_c,t_igbt_a_c,t_igbt_b_c,t_igbt_c_c,t_cell_min_c,t_cell_mean_c,t_cell_max_c,t_cell_spread_c,delta_t_heatsink_intake_c,fan_pwm_0,fan_pwm_1,fan_rpm_0,fan_rpm_1,fan_current_0_a,fan_current_1_a,fan_fault_0,fan_fault_1,thermal_derate_pct,op_state,evt_over_temp,evt_fan_missing,evt_fan_stall,evt_fan_unplugged,evt_intake_restricted,evt_hot_site,evt_igbt_gradient,evt_sensor_implausible,evt_cell_gradient,evt_ct_reversed,evt_comms_stale,last_pkt_age_ms,gateway_online,islanded,export_blocked,scenario
2026-08-15T04:53:00Z,BP-CORE-00016-57,-5470.506,-5470.506,11.907303,0.0,0.59274274,390.82947,-13.997169,400.80997,240.05917,240.24803,1.6609479,-12.533485,-10.246609,0.07484564,59.987198,1.6576766,34.516968,35.159405,35.783,35.714046,42.95433,38.615852,38.923607,42.894783,42.984,42.71122,37.31399,37.539825,37.71566,0.40166667,7.7949224,0.0,0.0,0.0,0.0,0.0,0.0,1,1,0.0,4,0,0,0,0,0,0,0,0,0,0,0,182.16185,1,0,0,fan_never_installed
2026-08-15T04:53:01Z,BP-CORE-00016-57,-5702.3174,-5702.3174,39.791172,0.0,0.59271777,390.33707,-14.608701,400.41144,239.69514,239.91,2.3323917,-13.084432,-10.695856,-0.11259443,59.98444,1.6673377,34.428608,34.758614,35.449596,35.50684,43.3959,38.804714,39.262222,43.366886,43.258686,43.440754,37.310207,37.53687,37.71353,0.40332407,8.637286,0.0,0.0,0.0,0.0,0.0,0.0,1,1,0.0,4,0,0,0,0,0,0,0,0,0,0,0,152.85722,1,0,0,fan_never_installed
2026-08-15T04:53:02Z,BP-CORE-00016-57,-5129.2373,-5129.2373,172.12502,0.0,0.5925879,390.74908,-13.126678,400.93628,239.98024,239.59175,2.3134787,-11.75547,-9.633707,0.052180395,60.007053,1.666706,34.64208,35.233006,35.91872,35.883324,43.804405,39.232986,39.80457,44.071133,43.58076,43.778072,37.307735,37.53522,37.712708,0.40497229,8.5714,0.0,0.0,0.0,0.0,0.0,0.0,1,1,0.0,4,0,0,0,0,0,0,0,0,0,0,0,191.2733,1,0,0,fan_never_installed
2026-08-15T04:53:03Z,BP-CORE-00016-57,-5819.116,-5819.116,-53.043396,0.0,0.5930023,390.34842,-14.907492,400.65424,239.83476,239.70161,1.9339039,-13.344662,-10.924425,-0.028472343,59.98424,1.7396939,34.381943,34.816727,35.570908,35.607277,44.24399,39.415813,40.766903,44.285343,44.457226,44.464207,37.304703,37.53301,37.711315,0.40661132,9.427266,0.0,0.0,0.0,0.0,0.0,0.0,1,1,0.0,4,0,0,0,0,0,0,0,0,0,0,0,188.5424,1,0,0,fan_never_installed
2026-08-15T04:53:04Z,BP-CORE-00016-57,-6250.9883,-6250.9883,-27.380539,0.0,0.5925942,390.6167,-16.00287,401.07925,239.36436,239.66054,2.1996577,-14.363222,-11.737205,0.09262636,59.99754,1.7535412,34.218555,34.54529,35.35774,35.44649,44.70087,39.654198,40.779514,44.892048,44.697746,44.54346,37.301395,37.530518,37.709637,0.40824124,10.155577,0.0,0.0,0.0,0.0,0.0,0.0,1,1,0.0,4,0,0,0,0,0,0,0,0,0,0,0,200.0836,1,0,0,fan_never_installed
2026-08-15T04:53:05Z,BP-CORE-00016-57,-5701.475,-5701.475,-86.32699,0.0,0.59288305,390.65417,-14.5946865,401.04446,239.92146,239.67207,2.2269588,-13.070156,-10.704892,-0.034525234,60.013054,1.7792172,34.423183,34.709835,35.542843,35.65077,45.122444,39.99866,40.94437,45.435783,45.332897,44.963287,37.298477,37.528408,37.70834,0.40986213,10.41261,0.0,0.0,0.0,0.0,0.0,0.0,1,1,0.0,4,0,0,0,0,0,0,0,0,0,0,0,245.03577,1,0,0,fan_never_installed
2026-08-15T04:53:06Z,BP-CORE-00016-57,-5957.0376,-5957.0376,9.519648,0.0,0.5929671,390.46103,-15.25642,400.8692,239.33066,240.1361,2.1314042,-13.689724,-11.1631155,-0.06248874,59.987595,1.7134937,34.32591,34.701893,35.570076,35.655525,45.554153,40.298477,41.30669,45.394966,45.691925,45.805305,37.29596,37.526695,37.70743,0.41147402,10.852262,0.0,0.0,0.0,0.0,0.0,0.0,1,1,0.0,4,0,0,0,0,0,0,0,0,0,0,0,201.109,1,0,0,fan_never_installed
2026-08-15T04:53:07Z,BP-CORE-00016-57,-6020.7227,-6020.7227,-8.631936,0.0,0.5929956,390.65103,-15.412024,401.30457,239.33932,239.8054,2.1649442,-13.835576,-11.298017,-0.06259053,59.992695,1.7689692,34.300587,34.73834,35.63809,35.709812,45.985188,40.611134,42.198696,46.147446,45.61144,45.991882,37.293842,37.52538,37.706917,0.41307694,11.246849,0.0,0.0,0.0,0.0,0.0,0.0,1,1,0.0,4,0,0,0,0,0,0,0,0,0,0,0,233.87366,1,0,0,fan_never_installed
2026-08-15T04:53:08Z,BP-CORE-00016-57,-5963.8887,-5963.8887,89.53856,0.0,0.5928632,390.54227,-15.27079,400.76422,240.02242,240.31143,1.6932515,-13.665968,-11.167799,-0.15458998,59.963924,1.7108452,34.320457,34.725574,35.660164,35.75202,46.407974,40.903255,42.074818,46.65495,46.448765,46.291435,37.291893,37.524227,37.706562,0.41467094,11.682402,0.0,0.0,0.0,0.0,0.0,0.0,1,1,0.0,4,0,0,0,0,0,0,0,0,0,0,0,202.61984,1,0,0,fan_never_installed
2026-08-15T04:53:09Z,BP-CORE-00016-57,-5255.4727,-5255.4727,71.09899,0.0,0.59308654,390.71912,-13.450769,400.69897,239.98715,240.26822,1.2093852,-12.044436,-9.843011,0.06714812,59.995064,1.7267178,34.58467,35.325687,36.242947,36.212906,46.79141,41.351692,42.77378,47.06612,46.98042,46.916553,37.29153,37.52466,37.707787,0.4162561,11.465718,0.0,0.0,0.0,0.0,0.0,0.0,1,1,0.0,4,0,0,0,0,0,0,0,0,0,0,0,128.88329,1,0,0,fan_never_installed
2026-08-15T04:53:10Z,BP-CORE-00016-57,-6727.744,-6727.744,93.67415,0.0,0.5929704,390.72272,-17.218718,401.24673,240.02304,240.40201,2.2765691,-15.416267,-12.593427,-0.012699858,59.995567,1.6621424,34.031124,34.45817,35.481266,35.58757,47.246822,41.41023,43.23911,47.434826,47.23705,47.231365,37.28974,37.52366,37.707573,0.41783246,12.7886505,0.0,0.0,0.0,0.0,0.0,0.0,1,1,0.0,4,0,0,0,0,0,0,0,0,0,0,0,198.60606,1,0,0,fan_never_installed
2026-08-15T04:53:11Z,BP-CORE-00016-57,-5425.476,-5425.476,-21.16802,0.0,0.5933064,390.7096,-13.886211,401.18234,239.56947,240.30325,2.0733716,-12.455727,-10.159929,0.017458113,59.994972,1.7659907,34.51803,35.01348,36.02259,36.101463,47.627384,41.843212,43.95576,48.16566,47.79246,47.658985,37.28901,37.52371,37.70841,0.41940007,12.613903,0.0,0.0,0.0,0.0,0.0,0.0,1,1,0.0,4,0,0,0,0,0,0,0,0,0,0,0,172.562,1,0,0,fan_never_installed
2026-08-15T04:53:12Z,BP-CORE-00016-57,-6017.4272,-6017.4272,125.17859,0.0,0.59316987,390.53683,-15.4080925,401.34534,240.1956,240.48108,2.566645,-13.778708,-11.260105,0.03304291,59.9828,1.6700025,34.294598,34.548218,35.627007,35.807938,48.033077,41.987617,44.276714,48.38049,47.813263,47.676727,37.28747,37.52295,37.70843,0.42095897,13.484857,0.0,0.0,0.0,0.0,0.0,0.0,1,1,0.0,4,0,0,0,0,0,0,0,0,0,0,0,194.5997,1,0,0,fan_never_installed
2026-08-15T04:53:13Z,BP-CORE-00016-57,-5457.624,-5457.624,-137.42044,0.0,0.5933273,390.8902,-13.962038,401.00357,239.42557,240.0594,2.1735556,-12.537062,-10.230512,0.0075388276,60.00784,1.6469355,34.503075,34.767765,35.858665,36.03875,48.404045,42.31316,44.554226,48.26554,48.020855,48.51255,37.286446,37.5227,37.708958,0.4225092,13.636281,0.0,0.0,0.0,0.0,0.0,0.0,1,1,0.0,4,0,0,0,0,0,0,0,0,0,0,0,194.5343,1,0,0,fan_never_installed
2026-08-15T04:53:14Z,BP-CORE-00016-57,-5412.6294,-5412.6294,-67.609795,0.0,0.5931867,390.7751,-13.851009,400.93982,239.7368,239.58286,1.8372021,-12.41756,-10.16635,-0.049186736,59.99298,1.7224145,34.518497,34.98081,36.083992,36.197983,48.770634,42.633686,44.751926,48.700848,49.087223,48.499237,37.28625,37.523277,37.7103,0.4240508,13.789827,0.0,0.0,0.0,0.0,0.0,0.0,1,1,0.0,4,0,0,0,0,0,0,0,0,0,0,0,201.88365,1,0,0,fan_never_installed
2026-08-15T04:53:15Z,BP-CORE-00016-57,-5502.9844,-5502.9844,-114.26567,0.0,0.59332055,390.56058,-14.089964,401.02997,239.64093,239.91585,1.837415,-12.629901,-10.321714,0.096572466,59.99236,1.7450875,34.483162,34.8728,36.01395,36.16287,49.137222,42.857895,45.008144,49.075897,48.882656,49.14519,37.285988,37.523777,37.71157,0.42558384,14.264423,0.0,0.0,0.0,0.0,0.0,0.0,1,1,0.0,4,0,0,0,0,0,0,0,0,0,0,0,165.76031,1,0,0,fan_never_installed
2026-08-15T04:53:16Z,BP-CORE-00016-57,-5799.874,-5799.874,51.78941,0.0,0.59310615,390.71057,-14.844426,400.9646,240.34682,239.86151,2.2499154,-13.272199,-10.8810425,-0.010018113,60.008247,1.737173,34.370373,34.76468,35.944775,36.10179,49.515854,43.0905,45.58458,49.582603,49.897865,49.28989,37.285797,37.52435,37.712906,0.42710838,14.751172,0.0,0.0,0.0,0.0,0.0,0.0,1,1,0.0,4,0,0,0,0,0,0,0,0,0,0,0,201.64041,1,0,0,fan_never_installed
2026-08-15T04:53:17Z,BP-CORE-00016-57,-6114.818,-6114.818,-16.327675,0.0,0.59353924,390.72852,-15.649787,400.92993,240.18617,239.98302,2.1673744,-14.002262,-11.466095,0.051625635,60.011555,1.7242773,34.250813,34.960083,36.15614,36.206913,49.91082,43.4256,45.943504,49.796207,50.328716,50.16214,37.28663,37.52594,37.715252,0.42862445,14.950738,0.0,0.0,0.0,0.0,0.0,0.0,1,1,0.0,4,0,0,0,0,0,0,0,0,0,0,0,200.55598,1,0,0,fan_never_installed
2026-08-15T04:53:18Z,BP-CORE-00016-57,-5703.928,-5703.928,-22.305998,0.0,0.59321487,390.7531,-14.597268,400.95926,240.86818,240.54858,1.6438129,-13.024387,-10.670475,-0.03424277,59.982246,1.6871384,34.40344,34.736263,35.97936,36.17364,50.27494,43.61334,46.089542,50.363937,50.332382,49.772213,37.2867,37.526768,37.71683,0.4301321,15.538679,0.0,0.0,0.0,0.0,0.0,0.0,1,1,0.0,4,0,0,0,0,0,0,0,0,0,0,0,190.25253,1,0,0,fan_never_installed
2026-08-15T04:53:19Z,BP-CORE-00016-57,-5537.214,-5537.214,-34.369427,0.0,0.5936041,390.8893,-14.165682,401.29507,239.75725,240.48607,2.3888462,-12.702296,-10.361291,-0.0026829073,60.012962,1.7035747,34.464497,35.021282,36.269855,36.387123,50.62846,43.94631,46.56498,50.571114,50.13852,50.52446,37.287727,37.52854,37.71936,0.43163136,15.60718,1.099768,1.099768,0.0,0.0,0.0,0.0,1,1,0.0,4,0,0,0,0,0,0,0,0,0,0,0,171.2506,1,0,0,fan_never_installed
2026-08-15T04:53:20Z,BP-CORE-00016-57,-6183.307,-6183.307,18.011171,0.0,0.5933822,390.80618,-15.821928,401.47736,240.93518,240.30008,1.8257086,-14.115078,-11.579223,0.059410978,60.004524,1.8551725,34.220753,34.734173,36.036446,36.182316,51.01255,44.129036,46.88359,50.68403,50.88856,50.711647,37.288506,37.530067,37.72163,0.4331223,16.278376,2.513844,2.513844,0.0,0.0,0.0,0.0,1,1,0.0,4,0,0,0,0,0,0,0,0,0,0,0,191.1537,1,0,0,fan_never_installed
2026-08-15T04:53:21Z,BP-CORE-00016-57,-6086.189,-6086.189,-97.7379,0.0,0.59329426,390.5597,-15.583249,400.89948,239.89458,240.34685,1.9270929,-13.953647,-11.395137,-0.07713255,60.00886,1.6324815,34.255707,34.732307,36.06466,36.230938,51.38669,44.390373,47.465233,51.474957,51.333317,51.10121,37.289417,37.53172,37.724022,0.43460494,16.654379,4.050203,4.050203,0.0,0.0,0.0,0.0,1,1,0.0,4,0,0,0,0,0,0,0,0,0,0,0,222.9809,1,0,0,fan_never_installed
2026-08-15T04:53:22Z,BP-CORE-00016-57,-6164.422,-6164.422,-64.994446,0.0,0.59366244,390.67245,-15.779003,401.1633,240.04208,239.57857,2.0127199,-14.124324,-11.578623,0.0031063457,59.997566,1.6893772,34.224907,34.69408,36.059418,36.23654,51.760803,44.640785,47.766125,51.53264,51.22603,52.198097,37.290462,37.533504,37.726543,0.43607935,17.066725,5.5467477,5.5467477,0.0,0.0,0.0,0.0,1,1,0.0,4,0,0,0,0,0,0,0,0,0,0,0,124.76795,1,0,0,fan_never_installed
2026-08-15T04:53:23Z,BP-CORE-00016-57,-4705.5933,-4705.5933,141.93759,0.0,0.59364957,390.4943,-12.05035,400.3267,240.13402,240.39995,2.483875,-10.777633,-8.808309,0.025915833,59.994366,1.6829925,34.770504,35.35247,36.68851,36.818832,52.052982,45.042828,48.352287,51.813118,52.55881,52.16236,37.292713,37.536484,37.73026,0.4375456,16.700512,7.043219,7.043219,0.0,0.0,0.0,0.0,1,1,0.0,4,0,0,0,0,0,0,0,0,0,0,0,211.54492,1,0,0,fan_never_installed
2026-08-15T04:53:24Z,BP-CORE-00016-57,-6006.5137,-6006.5137,-15.216263,0.0,0.59381086,390.72015,-15.372931,401.4249,239.38039,240.39963,2.3103874,-13.800557,-11.243492,0.05006959,60.02357,1.8156009,34.28119,34.85473,36.259335,36.409744,52.41227,45.145008,48.443863,52.123207,52.12083,52.71124,37.294483,37.538986,37.733486,0.43900368,17.55754,8.211931,8.211931,0.0,0.0,0.0,0.0,1,1,0.0,4,0,0,0,0,0,0,0,0,0,0,0,192.08977,1,0,0,fan_never_installed
2026-08-15T04:53:25Z,BP-CORE-00016-57,-5614.3745,-5614.3745,32.804806,0.0,0.5935785,390.6392,-14.372276,401.02408,239.59248,239.6903,2.09606,-12.888159,-10.540553,0.021438817,59.979362,1.7758787,34.426773,34.979332,36.40067,36.56261,52.74608,45.416054,48.942516,52.589245,52.736713,52.531376,37.296547,37.541775,37.737003,0.44045365,17.766747,9.649084,9.649084,0.0,0.0,0.0,0.0,1,1,0.0,4,0,0,0,0,0,0,0,0,0,0,0,163.12614,1,0,0,fan_never_installed
2026-08-15T04:53:26Z,BP-CORE-00016-57,-5273.7393,-5273.7393,-97.26613,0.0,0.593511,390.7112,-13.497793,400.94662,239.76726,240.15195,2.0624847,-12.0973835,-9.882005,0.059297264,60.009903,1.6543932,34.553043,34.76933,36.2321,36.522095,53.05397,45.568577,49.183365,53.329826,52.46025,52.980576,37.297905,37.54385,37.7398,0.44189557,18.28464,10.984308,10.984308,0.0,0.0,0.0,0.0,1,1,0.0,4,0,0,0,0,0,0,0,0,0,0,0,217.12186,1,0,0,fan_never_installed
2026-08-15T04:53:27Z,BP-CORE-00016-57,-5917.178,-5917.178,-22.838013,0.0,0.5937588,390.71945,-15.144315,400.7146,240.36026,240.39688,1.8989673,-13.539875,-11.076392,0.02380916,59.991978,1.6816183,34.31028,34.572357,36.07807,36.362774,53.393787,45.74736,48.99795,53.799828,53.471275,52.99207,37.29926,37.545925,37.742588,0.44332948,18.82143,12.21588,12.21588,0.0,0.0,0.0,0.0,1,1,0.0,4,0,0,0,0,0,0,0,0,0,0,0,195.07898,1,0,0,fan_never_installed
2026-08-15T04:53:28Z,BP-CORE-00016-57,-5433.079,-5433.079,55.377335,0.0,0.59401536,390.97043,-13.896395,401.296,240.63191,240.06773,1.7640736,-12.41811,-10.184149,-0.015860455,59.99168,1.7263961,34.490345,34.93293,36.434742,36.655293,53.705597,46.073795,50.009075,53.683777,53.65191,53.57357,37.301563,37.54894,37.74632,0.44475543,18.772667,13.5751505,13.5751505,0.0,0.0,0.0,0.0,1,1,0.0,4,0,0,0,0,0,0,0,0,0,0,0,203.6728,1,0,0,fan_never_installed
2026-08-15T04:53:29Z,BP-CORE-00016-57,-5383.62,-5383.62,-180.24263,0.0,0.59407604,390.91656,-13.771789,401.32822,240.07304,239.59459,2.0155575,-12.333709,-10.111368,0.019083008,59.961117,1.6878605,34.507416,34.559532,36.115322,36.48603,54.00691,46.172695,50.352898,54.26713,53.970974,53.85379,37.30284,37.55093,37.749016,0.44617346,19.447374,14.822386,14.822386,0.0,0.0,0.0,0.0,1,1,0.0,4,0,0,0,0,0,0,0,0,0,0,0,188.01776,1,0,0,fan_never_installed
2026-08-15T04:53:30Z,BP-CORE-00016-57,-5913.4688,-5913.4688,-56.40648,0.0,0.5939818,391.3271,-15.1113205,401.5468,240.26395,239.51219,2.626058,-13.536812,-11.110336,0.05829878,60.017826,1.6790093,34.307247,34.505753,36.09211,36.41922,54.33518,46.386353,50.189545,54.631737,54.62941,54.41089,37.304478,37.553272,37.752064,0.44758362,19.829426,16.027628,16.027628,0.0,0.0,0.0,0.0,1,1,0.0,4,0,0,0,0,0,0,0,0,0,0,0,177.79472,1,0,0,fan_never_installed
2026-08-15T04:53:31Z,BP-CORE-00016-57,-5074.7275,-5074.7275,10.749031,0.0,0.59398556,390.72113,-12.988107,400.7954,240.40128,240.04494,2.2708883,-11.610172,-9.513333,-0.046554457,60.00394,1.6699314,34.620296,35.177456,36.732727,36.926537,54.618343,46.786076,50.472775,55.046566,54.677723,54.871563,37.307762,37.557255,37.75675,0.44898593,19.440887,17.34072,17.34072,0.0,0.0,0.0,0.0,1,1,0.0,4,0,0,0,0,0,0,0,0,0,0,0,211.53311,1,0,0,fan_never_installed
2026-08-15T04:53:32Z,BP-CORE-00016-57,-5145.458,-5145.458,-1.7066396,0.0,0.593783,390.6727,-13.170765,400.6212,239.89427,240.2547,1.8676454,-11.796872,-9.6375065,-0.05237475,60.00779,1.7854044,34.592293,35.020298,36.610733,36.85854,54.900738,46.936607,50.916092,55.080975,54.636555,55.16865,37.310745,37.560936,37.761124,0.45038044,19.880442,18.473368,18.473368,0.0,0.0,0.0,0.0,1,1,0.0,4,0,0,0,0,0,0,0,0,0,0,0,225.41588,1,0,0,fan_never_installed
2026-08-15T04:53:33Z,BP-CORE-00016-57,-4706.3643,-4706.3643,-1.5772593,0.0,0.5941218,390.51276,-12.051755,400.46344,239.56642,239.61444,1.7427108,-10.804937,-8.838633,0.068737686,60.006355,1.7811434,34.75547,34.9569,36.572647,36.90608,55.15368,47.094646,51.282497,55.258404,54.872143,55.69052,37.313366,37.56425,37.765133,0.4517672,20.196774,19.602951,19.602951,0.0,0.0,0.0,0.0,1,1,0.0,4,0,0,0,0,0,0,0,0,0,0,0,176.13702,1,0,0,fan_never_installed
2026-08-15T04:53:34Z,BP-CORE-00016-57,-5713.735,-5713.735,65.6524,0.0,0.59413105,391.04694,-14.611379,401.38364,240.25406,240.3553,2.3394282,-13.08013,-10.697416,-0.0853202,60.00666,1.7247865,34.376225,34.879147,36.525753,36.76138,55.461704,47.286938,51.50673,55.366337,55.29929,55.21991,37.31657,37.568142,37.769714,0.45314628,20.582558,20.61471,20.61471,0.0,0.0,0.0,0.0,1,1,0.0,4,0,0,0,0,0,0,0,0,0,0,0,199.86455,1,0,0,fan_never_installed
2026-08-15T04:53:35Z,BP-CORE-00016-57,-4946.2627,-4946.2627,-15.14995,0.0,0.59383446,390.71817,-12.659413,400.45554,239.51448,239.47467,2.2093568,-11.358163,-9.294587,-0.022206753,60.003536,1.7931014,34.662544,35.072216,36.724335,36.993977,55.72369,47.528248,52.025528,55.665447,55.9771,55.505615,37.31998,37.57224,37.774498,0.4545177,20.651474,21.846825,21.846825,0.0,0.0,0.0,0.0,1,1,0.0,4,0,0,0,0,0,0,0,0,0,0,0,184.0209,1,0,0,fan_never_installed
2026-08-15T04:53:36Z,BP-CORE-00016-57,-5137.213,-5137.213,-32.116615,0.0,0.59411514,390.9103,-13.141665,401.49377,239.8879,239.48286,2.0434346,-11.778281,-9.653073,0.024264185,60.01242,1.6462092,34.58945,35.25003,36.9097,37.09341,55.995872,47.77212,51.906166,56.149914,55.981903,56.088333,37.32419,37.57713,37.78007,0.45588148,20.745844,22.894753,22.894753,0.0,0.0,0.0,0.0,1,1,0.0,4,0,0,0,0,0,0,0,0,0,0,0,241.80618,1,0,0,fan_never_installed
2026-08-15T04:53:37Z,BP-CORE-00016-57,-5643.3555,-5643.3555,8.300553,0.0,0.59403205,390.57565,-14.448815,400.6209,239.84166,239.88692,1.8030512,-12.941227,-10.586279,0.01371065,60.002995,1.7663555,34.39816,34.81044,36.528778,36.814064,56.289677,47.845905,52.807487,56.098682,56.10645,56.25034,37.327526,37.581146,37.784763,0.4572377,21.479237,23.983496,23.983496,0.0,0.0,0.0,0.0,1,1,0.0,4,0,0,0,0,0,0,0,0,0,0,0,186.77202,1,0,0,fan_never_installed
2026-08-15T04:53:38Z,BP-CORE-00016-57,-5379.326,-5379.326,96.39837,0.0,0.59424675,390.82254,-13.764114,400.98218,240.3367,239.32669,2.122335,-12.310352,-10.114613,-0.08790378,59.97794,1.6850202,34.49568,34.95023,36.67952,36.95275,56.566364,48.081524,52.36052,56.66615,56.685192,56.14098,37.33125,37.585545,37.789837,0.4585864,21.616137,25.158703,25.158703,0.0,0.0,0.0,0.0,1,1,0.0,4,0,0,0,0,0,0,0,0,0,0,0,177.08522,1,0,0,fan_never_installed
2026-08-15T04:53:39Z,BP-CORE-00016-57,-5370.0884,-5370.0884,-47.360535,0.0,0.59412265,390.7038,-13.744653,400.7329,239.89407,240.7289,2.640065,-12.311886,-10.038428,0.13662273,59.991734,1.7621785,34.497654,34.711273,36.48131,36.849056,56.836784,48.19913,52.513454,56.44075,56.78935,56.71985,37.334362,37.589325,37.79429,0.45992756,22.125513,26.26546,26.26546,0.0,0.0,0.0,0.0,1,1,0.0,4,0,0,0,0,0,0,0,0,0,0,0,221.4156,1,0,0,fan_never_installed
2026-08-15T04:53:40Z,BP-CORE-00016-57,-5732.335,-5732.335,45.395744,0.0,0.59417224,391.23544,-14.651881,401.66797,239.99155,239.95483,2.231027,-13.137064,-10.750151,-0.0047866027,59.98264,1.5932448,34.36032,34.93967,36.714725,36.95572,57.127872,48.471413,52.863667,57.49824,57.36031,56.96086,37.338554,37.594185,37.799816,0.4612613,22.1882,27.347143,27.347143,0.0,0.0,0.0,0.0,1,1,0.0,4,0,0,0,0,0,0,0,0,0,0,0,209.9263,1,0,0,fan_never_installed
2026-08-15T04:53:41Z,BP-CORE-00016-57,-5931.2812,-5931.2812,43.101353,0.0,0.5940663,390.91653,-15.172755,401.14078,239.7227,239.77567,1.8138884,-13.608242,-11.131557,-0.026756242,59.98041,1.6887712,34.28422,34.548615,36.378563,36.743515,57.42298,48.560673,53.624607,57.580963,57.265537,57.27944,37.34182,37.598114,37.804405,0.46258762,22.874367,28.511482,28.511482,0.0,0.0,0.0,0.0,1,1,0.0,4,0,0,0,0,0,0,0,0,0,0,0,188.73378,1,0,0,fan_never_installed
2026-08-15T04:53:42Z,BP-CORE-00016-57,-5321.191,-5321.191,-13.104997,0.0,0.59427506,390.7442,-13.6180935,400.69022,239.96701,240.12457,2.4238892,-12.196073,-9.972056,-0.1154192,59.989697,1.6991847,34.51151,34.71911,36.55607,36.94265,57.681118,48.792515,53.390537,57.478546,57.79356,57.938915,37.345325,37.60228,37.80923,0.4639066,22.962011,29.691925,29.691925,0.0,0.0,0.0,0.0,1,1,0.0,4,0,0,0,0,0,0,0,0,0,0,0,229.5802,1,0,0,fan_never_installed
2026-08-15T04:53:43Z,BP-CORE-00016-57,-4897.593,-4897.593,61.19264,0.0,0.59435713,390.63025,-12.537669,400.61404,239.21298,239.8775,1.9693146,-11.260576,-9.187675,0.053504866,60.00317,1.6785674,34.66886,35.257935,37.070713,37.317734,57.917664,49.119747,53.58178,57.44134,57.789207,57.9458,37.350307,37.607918,37.815525,0.46521822,22.659729,30.724476,30.724476,0.0,0.0,0.0,0.0,1,1,0.0,4,0,0,0,0,0,0,0,0,0,0,0,215.17857,1,0,0,fan_never_installed
2026-08-15T04:53:44Z,BP-CORE-00016-57,-5492.679,-5492.679,-39.06751,0.0,0.5944198,390.70575,-14.058352,401.06876,239.92796,239.78703,2.1230838,-12.591169,-10.30792,0.06642981,59.97743,1.7428308,34.444206,34.841343,36.70857,37.036377,58.181667,49.17957,54.1519,58.05295,58.543953,58.19334,37.354527,37.612785,37.82105,0.46652257,23.340326,31.670662,31.670662,0.0,0.0,0.0,0.0,1,1,0.0,4,0,0,0,0,0,0,0,0,0,0,0,206.80667,1,0,0,fan_never_installed
2026-08-15T04:53:45Z,BP-CORE-00016-57,-5205.408,-5205.408,-175.54024,0.0,0.5944264,390.8427,-13.318422,400.7498,240.56152,240.6747,2.2597015,-11.901215,-9.732779,0.037574776,59.97813,1.6700678,34.550434,35.27647,37.12882,37.33779,58.430813,49.484512,54.70311,58.549847,58.923176,58.382168,37.359997,37.618904,37.827816,0.46781966,23.154343,32.726673,32.726673,0.0,0.0,0.0,0.0,1,1,0.0,4,0,0,0,0,0,0,0,0,0,0,0,208.59837,1,0,0,fan_never_installed
2026-08-15T04:53:46Z,BP-CORE-00016-57,-5778.3135,-5778.3135,-48.504242,0.0,0.5943857,390.83795,-14.784423,401.0391,239.84749,240.2026,1.8659784,-13.250389,-10.825199,0.03141883,59.99523,1.7385111,34.334095,34.742382,36.659367,36.995712,58.704678,49.51599,54.567738,58.944813,58.46449,58.653435,37.36433,37.623886,37.83344,0.46910954,23.962294,33.72326,33.72326,0.0,0.0,0.0,0.0,1,1,0.0,4,0,0,0,0,0,0,0,0,0,0,0,216.49008,1,0,0,fan_never_installed
2026-08-15T04:53:47Z,BP-CORE-00016-57,-6243.562,-6243.562,102.169785,0.0,0.5945283,391.01416,-15.967611,401.43988,239.98874,239.79083,1.3729125,-14.308835,-11.71689,0.044680227,60.008854,1.7947954,34.158123,34.59745,36.549736,36.884045,59.001026,49.679955,55.16498,58.76985,58.986786,59.320835,37.368668,37.628864,37.83906,0.4703923,24.403578,34.818714,34.818714,0.0,0.0,0.0,0.0,1,1,0.0,4,0,0,0,0,0,0,0,0,0,0,0,229.00467,1,0,0,fan_never_installed
2026-08-15T04:53:48Z,BP-CORE-00016-57,-5140.626,-5140.626,-105.43256,0.0,0.59460455,390.82474,-13.153277,400.70374,240.18724,240.01358,1.9222846,-11.771418,-9.638128,-0.0345101,59.986607,1.667453,34.570217,35.154457,37.080975,37.35812,59.235935,50.011494,55.657616,59.21924,59.40947,59.56602,37.37408,37.634914,37.84575,0.4716679,24.081478,36.004112,36.004112,0.0,0.0,0.0,0.0,1,1,0.0,4,0,0,0,0,0,0,0,0,0,0,0,188.80766,1,0,0,fan_never_installed
2026-08-15T04:53:49Z,BP-CORE-00016-57,-5094.8564,-5094.8564,-20.38722,0.0,0.59478307,390.88632,-13.034113,400.7427,240.05545,239.79745,1.5536081,-11.673016,-9.560925,-0.066333205,60.00697,1.721524,34.585876,34.964645,36.92455,37.281956,59.463455,50.11381,55.515705,59.0194,59.368076,59.71898,37.37898,37.64045,37.851917,0.4729364,24.498812,36.943745,36.943745,0.0,0.0,0.0,0.0,1,1,0.0,4,0,0,0,0,0,0,0,0,0,0,0,175.8228,1,0,0,fan_never_installed
2026-08-15T04:53:50Z,BP-CORE-00016-57,-5485.083,-5485.083,-19.059658,0.0,0.59469575,390.60883,-14.042395,400.80252,239.9312,239.66747,1.4897754,-12.573587,-10.2988,0.034527738,59.999077,1.6143914,34.438034,34.606777,36.614815,37.057762,59.707233,50.177097,55.59411,59.925053,60.01504,59.6022,37.38315,37.645245,37.857346,0.47419783,25.100454,37.85382,37.85382,0.0,0.0,0.0,0.0,1,1,0.0,4,0,0,0,0,0,0,0,0,0,0,0,262.82336,1,0,0,fan_never_installed
2026-08-15T04:53:51Z,BP-CORE-00016-57,-5728.673,-5728.673,15.964659,0.0,0.59458184,390.95734,-14.652936,401.5435,240.11253,240.2138,1.4691002,-13.122056,-10.731701,-0.014474713,60.007175,1.7826078,34.345177,34.929535,36.932457,37.228664,59.9661,50.455128,56.065144,60.2784,60.082275,59.56056,37.38858,37.651306,37.86403,0.4754523,25.036564,38.82893,38.82893,0.0,0.0,0.0,0.0,1,1,0.0,4,0,0,0,0,0,0,0,0,0,0,0,190.11298,1,0,0,fan_never_installed
2026-08-15T04:53:52Z,BP-CORE-00016-57,-5349.704,-5349.704,14.527178,0.0,0.5948133,390.60608,-13.695906,400.8708,240.12689,240.58937,2.277019,-12.253261,-10.006123,-0.0975847,60.012733,1.6594977,34.485783,34.71088,36.749813,37.180763,60.19755,50.551548,56.08388,60.140877,60.08848,60.35651,37.39319,37.656536,37.86989,0.4766998,25.48667,39.86439,39.86439,0.0,0.0,0.0,0.0,1,1,0.0,4,0,0,0,0,0,0,0,0,0,0,0,162.75389,1,0,0,fan_never_installed
2026-08-15T04:53:53Z,BP-CORE-00016-57,-6420.6084,-6420.6084,-49.922993,0.0,0.59440744,390.75153,-16.431435,401.19214,240.0462,239.81651,1.9946089,-14.7110615,-12.047852,-0.032497123,59.997612,1.6885449,34.08268,34.367577,36.456978,36.879612,60.485085,50.649834,56.757423,60.294468,60.322483,60.046776,37.397587,37.661556,37.875526,0.47794035,26.11751,40.7902,40.7902,0.0,0.0,0.0,0.0,1,1,0.0,4,0,1,0,0,0,0,0,0,0,0,0,211.30878,1,0,0,fan_never_installed
2026-08-15T04:53:54Z,BP-CORE-00016-57,-5607.557,-5607.557,96.784355,0.0,0.5947646,390.45972,-14.361423,400.52185,239.75832,239.02922,2.490903,-12.8636055,-10.55687,-0.029719096,60.01931,1.6539975,34.38606,34.793545,36.8682,37.244244,60.72673,50.946774,56.40189,60.939407,60.591618,60.516228,37.402855,37.667442,37.88203,0.47917402,25.933187,41.940342,41.940342,0.0,0.0,0.0,0.0,1,1,0.0,4,0,1,0,0,0,0,0,0,0,0,0,169.75807,1,0,0,fan_never_installed
2026-08-15T04:53:55Z,BP-CORE-00016-57,-5434.94,-5434.94,-206.75612,0.0,0.5946712,390.57553,-13.915209,400.4428,240.5017,240.49586,2.3179572,-12.42909,-10.169501,-0.07012569,59.990788,1.6763722,34.449276,35.058067,37.130108,37.43504,60.95856,51.188416,56.706238,61.186302,60.569412,60.48749,37.408916,37.674114,37.889317,0.48040083,25.900494,42.906925,42.906925,0.0,0.0,0.0,0.0,1,1,0.0,4,0,1,0,0,0,0,0,0,0,0,0,127.664635,1,0,0,fan_never_installed
2026-08-15T04:53:56Z,BP-CORE-00016-57,-5460.237,-5460.237,-5.7275543,0.0,0.59489864,390.97134,-13.965823,401.27084,240.22108,240.27191,1.5143276,-12.501526,-10.226357,-0.04919478,60.00174,1.6342415,34.438274,34.930912,37.03147,37.384186,61.18788,51.31079,57.10158,61.478558,61.361946,61.63573,37.414696,37.680504,37.896317,0.48162082,26.256966,43.83425,43.83425,0.0,0.0,0.0,0.0,1,1,0.0,4,0,1,0,0,0,0,0,0,0,0,0,204.71124,1,0,0,fan_never_installed
2026-08-15T04:53:57Z,BP-CORE-00016-57,-6038.333,-6038.333,-37.401237,0.0,0.5947606,390.77985,-15.452006,401.1397,239.86623,240.20721,2.3438218,-13.845563,-11.312107,0.008021251,59.993473,1.7219185,34.21997,34.47642,36.633774,37.083355,61.44332,51.353252,57.10276,61.285946,61.3883,61.023403,37.419575,37.68599,37.90241,0.48283404,26.9669,44.751522,44.751522,0.0,0.0,0.0,0.0,1,1,0.0,4,0,1,0,0,0,0,0,0,0,0,0,269.84055,1,0,0,fan_never_installed
2026-08-15T04:53:58Z,BP-CORE-00016-57,-4596.7715,-4596.7715,-77.49728,0.0,0.5947692,390.6749,-11.766232,400.37283,240.02489,240.14664,2.1878836,-10.533175,-8.613683,-0.013892258,60.01162,1.7117283,34.759033,35.13169,37.250687,37.650005,61.619118,51.67289,57.62288,61.66352,61.84814,61.809433,37.42557,37.692593,37.90961,0.48404053,26.487425,45.77329,45.77329,0.0,0.0,0.0,0.0,1,1,0.0,4,0,1,0,0,0,0,0,0,0,0,0,201.35532,1,0,0,fan_never_installed
2026-08-15T04:53:59Z,BP-CORE-00016-57,-5465.2065,-5465.2065,-123.42322,0.0,0.5952898,390.69104,-13.988564,400.87894,239.87622,240.227,2.353613,-12.530894,-10.237578,-0.0051110475,59.999146,1.7010708,34.43185,35.0316,37.176476,37.50278,61.842503,51.799232,57.799213,61.48798,62.013126,61.847324,37.431927,37.699547,37.917164,0.48524028,26.8109,46.476463,46.476463,0.0,0.0,0.0,0.0,1,1,0.0,4,0,1,0,0,0,0,0,0,0,0,0,234.48209,1,0,0,fan_never_installed
2026-08-15T04:54:00Z,BP-CORE-00016-57,-5385.994,-5385.994,-67.702255,0.0,0.5948503,390.82736,-13.781005,401.11633,239.74614,239.37029,2.1274958,-12.355972,-10.125306,-0.0014950517,59.994923,1.5938513,34.460033,34.802734,36.983013,37.40814,62.056244,51.88019,57.7857,61.768623,62.269573,62.052315,37.437607,37.705822,37.92404,0.4864334,27.25351,47.37001,47.37001,0.0,0.0,0.0,0.0,1,1,0.0,4,0,1,0,0,0,0,0,0,0,0,0,218.0119,1,0,0,fan_never_installed
2026-08-15T04:54:01Z,BP-CORE-00016-57,-5778.109,-5778.109,200.82486,0.0,0.59529144,390.67853,-14.789931,401.05542,239.3396,239.9402,2.4585166,-13.278036,-10.836654,-0.073092885,60.0015,1.608611,34.311466,34.913532,37.10379,37.440628,62.291714,52.078262,57.96309,62.110382,62.65743,62.51482,37.44398,37.71279,37.931602,0.48761988,27.378181,48.224976,48.224976,0.0,0.0,0.0,0.0,1,1,0.0,4,0,1,0,0,0,0,0,0,0,0,0,160.89186,1,0,0,fan_never_installed
2026-08-15T04:54:02Z,BP-CORE-00016-57,-5935.4966,-5935.4966,-23.216106,0.0,0.5949022,390.81598,-15.187447,401.15784,240.13835,240.14331,1.9646993,-13.594343,-11.122415,-0.02929522,59.990925,1.6975725,34.25092,34.879944,37.09222,37.42513,62.533375,52.237347,58.39943,62.420254,62.92995,62.8132,37.450455,37.719852,37.939255,0.48879978,27.65343,49.16686,49.16686,0.0,0.0,0.0,0.0,1,1,0.0,4,0,1,0,0,0,0,0,0,0,0,0,227.64543,1,0,0,fan_never_installed
2026-08-15T04:54:03Z,BP-CORE-00016-57,-5434.5273,-5434.5273,-78.834785,0.0,0.5949769,390.84482,-13.904566,401.24353,239.86255,240.10999,2.3187957,-12.461262,-10.185072,-0.026336374,60.00864,1.6582359,34.437256,35.28931,37.48598,37.736927,62.74768,52.51017,58.732933,62.776432,62.982315,62.88751,37.457928,37.727913,37.9479,0.4899731,27.458368,50.133507,50.133507,0.0,0.0,0.0,0.0,1,1,0.0,4,0,1,0,0,0,0,0,0,0,0,0,237.26993,1,0,0,fan_never_installed
2026-08-15T04:54:04Z,BP-CORE-00016-57,-5522.4087,-5522.4087,-15.737923,0.0,0.5950944,390.99643,-14.123936,401.2754,240.27255,240.22974,2.7967515,-12.641163,-10.344614,-0.023740623,59.98221,1.734169,34.40277,34.641315,36.906612,37.389446,62.957527,52.462666,58.7795,63.46464,63.06157,63.071396,37.46355,37.73412,37.95469,0.49113992,28.31621,50.990715,50.990715,0.0,0.0,0.0,0.0,1,1,0.0,4,0,1,0,0,0,0,0,0,0,0,0,174.26402,1,0,0,fan_never_installed
2026-08-15T04:54:05Z,BP-CORE-00016-57,-5417.946,-5417.946,45.896137,0.0,0.59527797,391.17902,-13.850298,401.41537,239.65714,239.75798,1.5981387,-12.433888,-10.168903,0.019973524,60.024048,1.7592391,34.440414,35.01353,37.265495,37.627895,63.163086,52.71822,59.121418,62.976242,63.76772,63.411434,37.47032,37.74147,37.96262,0.49230024,28.149555,51.830105,51.830105,0.0,0.0,0.0,0.0,1,1,0.0,4,0,1,0,0,0,0,0,0,0,0,0,174.35423,1,0,0,fan_never_installed
2026-08-15T04:54:06Z,BP-CORE-00016-57,-5651.9854,-5651.9854,-49.878185,0.0,0.5954045,390.83002,-14.461493,400.90173,240.51988,240.1839,2.1062186,-12.92447,-10.589358,0.01562636,59.992664,1.655221,34.351116,34.638477,36.937466,37.411636,63.375843,52.754635,59.465492,62.569374,63.526855,63.81731,37.476177,37.747906,37.96963,0.49345413,28.737366,52.65234,52.65234,0.0,0.0,0.0,0.0,1,1,0.0,4,0,1,0,0,0,0,0,0,0,0,0,224.58519,1,0,0,fan_never_installed
2026-08-15T04:54:07Z,BP-CORE-00016-57,-6160.2456,-6160.2456,10.8564825,0.0,0.59540445,391.14584,-15.7492285,401.85312,239.81087,239.79852,1.7917893,-14.128363,-11.560164,0.018503478,59.979794,1.7238617,34.158985,34.896244,37.194046,37.510456,63.61875,53.002,59.722206,63.49997,64.13417,63.453793,37.483257,37.755558,37.97786,0.4946016,28.722506,53.503376,53.503376,0.0,0.0,0.0,0.0,1,1,0.0,4,0,1,0,0,0,0,0,0,0,0,0,213.41899,1,0,0,fan_never_installed
2026-08-15T04:54:08Z,BP-CORE-00016-57,-5594.2007,-5594.2007,-4.479064,0.0,0.5950892,390.91858,-14.310399,401.47467,240.77905,239.76027,2.023722,-12.7785635,-10.499614,0.06509556,60.01974,1.7029657,34.369717,34.912586,37.22567,37.613937,63.826122,53.15206,60.149353,63.979836,63.744843,64.559326,37.490086,37.76296,37.98583,0.4957427,28.913536,54.475006,54.475006,0.0,0.0,0.0,0.0,1,1,0.0,4,0,1,0,0,0,0,0,0,0,0,0,168.23735,1,0,0,fan_never_installed
2026-08-15T04:54:09Z,BP-CORE-00016-57,-4941.3325,-4941.3325,7.78064,0.0,0.59520775,390.63812,-12.649386,400.90457,240.42078,240.28012,1.8423375,-11.304069,-9.254197,-0.018877853,59.99863,1.7152627,34.613007,34.755436,37.09431,37.629177,63.99136,53.22058,59.599163,63.771454,64.246155,64.08803,37.496056,37.769497,37.992935,0.4968775,29.235922,55.30449,55.30449,0.0,0.0,0.0,0.0,1,1,0.0,4,0,1,0,0,0,0,0,0,0,0,0,167.35522,1,0,0,fan_never_installed
2026-08-15T04:54:10Z,BP-CORE-00016-57,-4968.8223,-4968.8223,78.45809,0.0,0.5956645,390.78247,-12.715059,401.21655,240.58528,240.57994,1.5317969,-11.359183,-9.294084,-0.076859824,59.9991,1.7058052,34.60116,35.090233,37.41582,37.826042,64.16008,53.43913,60.200413,64.10391,64.08368,64.211,37.503124,37.777126,38.00113,0.49800596,29.069849,55.965435,55.965435,0.0,0.0,0.0,0.0,1,1,0.0,4,0,1,0,0,0,0,0,0,0,0,0,258.12527,1,0,0,fan_never_installed
2026-08-15T04:54:11Z,BP-CORE-00016-57,-5412.993,-5412.993,-39.366505,0.0,0.5954894,390.86102,-13.848895,400.83536,240.03004,239.78952,1.9197748,-12.403224,-10.158272,0.083439365,60.00583,1.813251,34.433056,34.90992,37.265194,37.687107,64.35084,53.518562,60.463646,64.28184,64.3637,64.59503,37.51,37.78456,38.009125,0.49912813,29.440922,56.640335,56.640335,0.0,0.0,0.0,0.0,1,1,0.0,4,0,1,0,0,0,0,0,0,0,0,0,188.51283,1,0,0,fan_never_installed
2026-08-15T04:54:12Z,BP-CORE-00016-57,-4754.9062,-4754.9062,-11.275981,0.0,0.5952794,390.9663,-12.161933,400.59122,239.93916,240.08128,1.5421714,-10.899423,-8.91243,0.034249492,59.983887,1.8137296,34.6783,34.9085,37.275906,37.787186,64.50107,53.623302,60.51163,64.388695,64.61559,64.311035,37.516476,37.791595,38.01672,0.5002441,29.592571,57.40336,57.40336,0.0,0.0,0.0,0.0,1,1,0.0,4,0,1,0,0,0,0,0,0,0,0,0,209.68636,1,0,0,fan_never_installed
2026-08-15T04:54:13Z,BP-CORE-00016-57,-5182.7754,-5182.7754,-18.613329,0.0,0.59558815,391.20044,-13.248388,401.17548,240.28651,240.309,1.6392919,-11.863031,-9.705208,0.047332708,59.987614,1.6765019,34.516304,35.185978,37.545315,37.900764,64.67768,53.83017,60.30538,64.36463,64.39041,64.51962,37.524143,37.79982,38.025494,0.50135386,29.491697,58.004288,58.004288,0.0,0.0,0.0,0.0,1,1,0.0,4,0,1,0,0,0,0,0,0,0,0,0,242.307,1,0,0,fan_never_installed
2026-08-15T04:54:14Z,BP-CORE-00016-57,-5059.6934,-5059.6934,-43.887554,0.0,0.59576535,390.95944,-12.941735,401.37567,239.96902,240.58311,2.0256267,-11.596627,-9.463931,-0.09336481,59.996334,1.6620231,34.560917,35.022488,37.408154,37.84302,64.84332,53.89707,60.81857,65.32197,64.79092,65.16213,37.531273,37.807503,38.03373,0.50245744,29.820835,58.71071,58.71071,0.0,0.0,0.0,0.0,1,1,0.0,4,0,1,0,0,0,0,0,0,0,0,0,170.54402,1,0,0,fan_never_installed
2026-08-15T04:54:15Z,BP-CORE-00016-57,-5196.45,-5196.45,-11.604091,0.0,0.59561193,391.1716,-13.284324,401.27716,240.12819,240.31009,2.7738078,-11.902175,-9.730771,-0.03920873,59.996475,1.7405324,34.508087,34.853928,37.266674,37.748814,65.01324,53.965443,61.025913,65.25809,64.65215,64.775696,37.538033,37.81481,38.041588,0.5035549,30.159306,59.373295,59.373295,0.0,0.0,0.0,0.0,1,1,0.0,4,0,1,0,0,0,0,0,0,0,0,0,168.42749,1,0,0,fan_never_installed
2026-08-15T04:54:16Z,BP-CORE-00016-57,-5532.576,-5532.576,-58.305145,0.0,0.59559256,390.9823,-14.150452,401.3488,240.18303,240.16609,2.1635578,-12.669158,-10.3664055,0.008515737,59.98617,1.6328014,34.380493,34.85326,37.281067,37.72255,65.20086,54.096577,61.191578,64.844086,65.510544,65.29624,37.545074,37.8224,38.04972,0.50464624,30.347597,60.05294,60.05294,0.0,0.0,0.0,0.0,1,1,0.0,4,0,1,0,0,0,0,0,0,0,0,0,227.12599,1,0,0,fan_never_installed
2026-08-15T04:54:17Z,BP-CORE-00016-57,-4347.528,-4347.528,7.3343306,0.0,0.5956402,390.90945,-11.1215725,400.5973,240.22551,238.96246,1.7624289,-9.9537325,-8.187008,-0.016735483,60.000824,1.6705651,34.823338,35.21979,37.62792,38.091187,65.32134,54.290874,61.63357,65.6336,65.19858,64.8941,37.552483,37.830345,38.058212,0.5057315,30.101547,60.80343,60.80343,0.0,0.0,0.0,0.0,1,1,0.0,4,0,1,0,0,0,0,0,0,0,0,0,243.90587,1,0,0,fan_never_installed
2026-08-15T04:54:18Z,BP-CORE-00016-57,-4508.0127,-4508.0127,74.97704,0.0,0.5955858,390.60703,-11.541043,400.33484,239.61082,240.93106,1.8549759,-10.347642,-8.419859,-0.04273235,60.02417,1.7044456,34.761604,34.97525,37.413,37.947662,65.44713,54.305565,61.8242,65.369965,65.58333,65.30013,37.55927,37.837677,38.066082,0.50681084,30.47188,61.285362,61.285362,0.0,0.0,0.0,0.0,1,1,0.0,4,0,1,0,0,0,0,0,0,0,0,0,195.6996,1,0,0,fan_never_installed
2026-08-15T04:54:19Z,BP-CORE-00016-57,-5374.3623,-5374.3623,-71.54807,0.0,0.59590316,390.79288,-13.752457,401.03305,239.32596,239.40503,2.012444,-12.350935,-10.101973,0.11971901,59.968185,1.7721984,34.435173,34.715683,37.18796,37.707855,65.61917,54.348125,61.67551,65.83332,65.55823,65.5629,37.565895,37.844837,38.073776,0.5078841,30.90349,61.788517,61.788517,0.0,0.0,0.0,0.0,1,1,0.0,4,0,1,0,0,0,0,0,0,0,0,0,174.6373,1,0,0,fan_never_installed
2026-08-15T04:54:20Z,BP-CORE-00016-57,-5497.224,-5497.224,25.97766,0.0,0.59582096,390.9324,-14.061828,401.2373,240.75769,240.28989,1.881829,-12.558159,-10.29486,0.0085427435,60.008514,1.7478794,34.387547,34.647186,37.13907,37.671165,65.79571,54.451153,62.008785,66.274185,65.6652,66.09469,37.57245,37.85192,38.081398,0.5089514,31.148523,62.476692,62.476692,0.0,0.0,0.0,0.0,1,1,0.0,4,0,1,0,0,0,0,0,0,0,0,0,223.76178,1,0,0,fan_never_installed
2026-08-15T04:54:21Z,BP-CORE-00016-57,-5228.621,-5228.621,102.79778,0.0,0.5958927,390.96423,-13.373655,401.31033,240.55872,240.07472,1.9615831,-11.954427,-9.800612,0.022246487,60.003105,1.7415645,34.486717,34.907845,37.39182,37.865417,65.95751,54.642612,61.712357,65.8086,65.891365,65.88763,37.57967,37.859676,38.089684,0.5100128,31.049671,63.182846,63.182846,0.0,0.0,0.0,0.0,1,1,0.0,4,0,1,0,0,0,0,0,0,0,0,0,181.7938,1,0,0,fan_never_installed
2026-08-15T04:54:22Z,BP-CORE-00016-57,-5415.3555,-5415.3555,-13.266273,0.0,0.59580505,390.62372,-13.863356,400.96024,239.48991,239.44781,2.2151594,-12.436621,-10.177207,0.0441802,60.00622,1.6788747,34.41514,34.79875,37.305027,37.797333,66.127205,54.72867,62.106174,66.175064,66.334366,65.747696,37.586735,37.867268,38.0978,0.5110683,31.328451,63.830063,63.830063,0.0,0.0,0.0,0.0,1,1,0.0,4,0,1,0,0,0,0,0,0,0,0,0,199.53355,1,0,0,fan_never_installed
2026-08-15T04:54:23Z,BP-CORE-00016-57,-5897.382,-5897.382,64.68462,0.0,0.5961237,390.82114,-15.089721,401.38068,239.30942,240.59286,1.8176172,-13.553834,-11.030343,0.014249703,59.994186,1.7687618,34.23282,34.487526,37.034096,37.581593,66.319664,54.770023,62.69467,66.53061,66.51211,66.351425,37.59323,37.87429,38.105347,0.51211786,31.83214,64.50881,64.50881,0.0,0.0,0.0,0.0,1,1,0.0,4,0,1,0,0,0,0,0,0,0,0,0,103.63216,1,0,0,fan_never_installed
2026-08-15T04:54:24Z,BP-CORE-00016-57,-4876.1113,-4876.1113,21.334944,0.0,0.5959439,391.277,-12.462044,401.1581,240.1281,239.99947,2.2895808,-11.168461,-9.142729,0.016522888,59.998714,1.7240347,34.61424,34.946606,37.46732,37.981167,66.45551,55.002842,62.29792,67.045586,66.54539,66.585396,37.60049,37.882072,38.11365,0.51316166,31.50891,65.278656,65.278656,0.0,0.0,0.0,0.0,1,1,0.0,4,0,1,0,0,0,0,0,0,0,0,0,225.66815,1,0,0,fan_never_installed
2026-08-15T04:54:25Z,BP-CORE-00016-57,-5215.931,-5215.931,-54.557285,0.0,0.5959715,390.7573,-13.348263,401.06192,240.43895,240.16566,2.1315618,-11.931354,-9.773125,0.092729434,59.999912,1.7304914,34.485245,35.15407,37.670704,38.065773,66.611984,55.17461,62.813164,66.31511,66.335434,66.521225,37.608654,37.890755,38.122852,0.5141997,31.45791,65.82206,65.82206,0.0,0.0,0.0,0.0,1,1,0.0,4,0,1,0,0,0,0,0,0,0,0,0,214.89142,1,0,0,fan_never_installed
2026-08-15T04:54:26Z,BP-CORE-00016-57,-4779.1934,-4779.1934,18.345322,0.0,0.59611785,390.8089,-12.228977,400.88385,240.19295,240.80862,2.2397401,-10.943521,-8.930897,0.116528094,59.991085,1.8049526,34.64746,35.064682,37.59873,38.086212,66.74024,55.237576,62.76098,66.56946,67.100334,66.97481,37.616276,37.89889,38.131508,0.5152319,31.675562,66.44794,66.44794,0.0,0.0,0.0,0.0,1,1,0.0,4,0,1,0,0,0,0,0,0,0,0,0,252.49126,1,0,0,fan_never_installed
2026-08-15T04:54:27Z,BP-CORE-00016-57,-4701.1167,-4701.1167,126.654785,0.0,0.59615254,390.9511,-12.02482,400.74292,239.83466,240.04283,1.9568832,-10.78082,-8.813022,0.05642854,60.028225,1.7218204,34.675175,35.31837,37.84213,38.24795,66.86534,55.401253,62.84047,66.78433,67.143845,66.76946,37.62465,37.90778,38.140907,0.51625836,31.546972,66.960976,66.960976,0.0,0.0,0.0,0.0,1,1,0.0,4,0,1,0,0,0,0,0,0,0,0,0,202.75723,1,0,0,fan_never_installed
2026-08-15T04:54:28Z,BP-CORE-00016-57,-5301.4355,-5301.4355,-63.35501,0.0,0.59600574,390.973,-13.559595,401.27,239.96544,239.93208,2.317376,-12.150873,-9.943006,0.07648235,60.01403,1.7443776,34.44849,35.056076,37.61328,38.03993,67.02116,55.431633,62.920593,67.065056,66.86056,66.891304,37.632652,37.916294,38.149933,0.51727915,31.965084,67.46138,67.46138,0.0,0.0,0.0,0.0,1,1,0.0,4,0,1,0,0,0,0,0,0,0,0,0,152.36548,1,0,0,fan_never_installed
2026-08-15T04:54:29Z,BP-CORE-00016-57,-5353.173,-5353.173,-68.63879,0.0,0.59604996,390.54248,-13.707018,400.9407,239.64261,240.2076,1.5655179,-12.285983,-10.028524,0.006034813,60.02878,1.694167,34.427525,35.22611,37.782433,38.14201,67.180145,55.593937,63.244587,67.44171,66.98111,67.20801,37.64125,37.9254,38.159546,0.5182943,31.954039,68.08463,68.08463,0.0,0.0,0.0,0.0,1,1,0.0,4,0,1,0,0,0,0,0,0,0,0,0,154.22029,1,0,0,fan_never_installed
2026-08-15T04:54:30Z,BP-CORE-00016-57,-5788.971,-5788.971,17.208023,0.0,0.5961472,390.84277,-14.811509,401.304,239.61893,239.6859,2.3006241,-13.287491,-10.868546,0.05227145,60.015923,1.7533827,34.26253,34.69055,37.303856,37.807373,67.35684,55.556957,63.589832,67.21857,67.47539,66.9708,37.64855,37.9332,38.16785,0.51930374,32.66629,68.7206,68.7206,0.0,0.0,0.0,0.0,1,1,0.0,4,0,1,0,0,0,0,0,0,0,0,0,196.36299,1,0,0,fan_never_installed
2026-08-15T04:54:31Z,BP-CORE-00016-57,-5234.1675,-5234.1675,49.687943,0.0,0.5961549,390.94977,-13.388337,400.94595,240.21371,239.97124,2.2496362,-11.984295,-9.81524,0.025067406,59.98501,1.7884576,34.469013,34.69193,37.316513,37.894638,67.49923,55.657036,63.34277,67.46511,67.93311,67.74774,37.655518,37.94067,38.175827,0.52030766,32.807297,69.427376,69.427376,0.0,0.0,0.0,0.0,1,1,0.0,4,0,1,0,0,0,0,0,0,0,0,0,173.76784,1,0,0,fan_never_installed
2026-08-15T04:54:32Z,BP-CORE-00016-57,-5299.525,-5299.525,-176.45903,0.0,0.5962183,390.7189,-13.563522,401.09384,240.07733,239.91821,1.9844114,-12.140832,-9.939996,0.016401576,60.013218,1.6685202,34.442932,35.040062,37.648674,38.09183,67.647705,55.865414,63.619087,67.412605,67.492226,67.47103,37.663635,37.949287,38.18494,0.5213059,32.607647,69.9969,69.9969,0.0,0.0,0.0,0.0,1,1,0.0,4,0,1,0,0,0,0,0,0,0,0,0,199.89926,1,0,0,fan_never_installed
2026-08-15T04:54:33Z,BP-CORE-00016-57,-5168.334,-5168.334,6.040285,0.0,0.596245,390.57867,-13.232504,400.76627,239.86108,239.97972,2.0758922,-11.850958,-9.691444,0.068123534,60.00513,1.7194854,34.49056,34.760983,37.402805,37.968613,67.78378,55.876945,64.18729,68.04175,67.74965,67.85362,37.67084,37.95699,38.19314,0.5222987,33.022804,70.59083,70.59083,0.0,0.0,0.0,0.0,1,1,0.0,4,0,1,0,0,0,0,0,0,0,0,0,202.4319,1,0,0,fan_never_installed
2026-08-15T04:54:34Z,BP-CORE-00016-57,-4699.473,-4699.473,-48.888554,0.0,0.5963482,391.0901,-12.016345,401.1593,240.72932,240.40108,1.9221395,-10.736998,-8.796811,0.10188519,60.00603,1.6904023,34.664806,35.218243,37.83247,38.292324,67.89608,56.09273,64.03352,67.67966,68.08405,67.82988,37.679153,37.965797,38.20244,0.5232859,32.67784,71.13514,71.13514,0.0,0.0,0.0,0.0,1,1,0.0,4,0,1,0,0,0,0,0,0,0,0,0,254.77466,1,0,0,fan_never_installed
2026-08-15T04:54:35Z,BP-CORE-00016-57,-4757.596,-4757.596,-117.54107,0.0,0.596552,390.70242,-12.1770315,400.40186,239.52473,240.38823,2.0776129,-10.924458,-8.906086,0.051332742,59.99085,1.6967056,34.641434,35.114437,37.74603,38.23838,68.00937,56.14089,64.008606,67.778564,67.6451,67.68783,37.687202,37.974335,38.21147,0.5242676,32.89493,71.58433,71.58433,0.0,0.0,0.0,0.0,1,1,0.0,4,0,1,0,0,0,0,0,0,0,0,0,207.44862,1,0,0,fan_never_installed
2026-08-15T04:54:36Z,BP-CORE-00016-57,-4271.435,-4271.435,-150.79091,0.0,0.596292,391.1295,-10.92077,400.8317,240.3557,240.38364,1.6835953,-9.7742195,-7.996159,-0.048981927,59.991875,1.7476964,34.82217,35.29366,37.917767,38.408775,68.095024,56.254616,64.02784,68.066666,67.70585,68.0954,37.695477,37.983097,38.220722,0.52524394,32.80137,72.037476,72.037476,0.0,0.0,0.0,0.0,1,1,0.0,4,0,1,0,0,0,0,0,0,0,0,0,127.46024,1,0,0,fan_never_installed
2026-08-15T04:54:37Z,BP-CORE-00016-57,-4510.102,-4510.102,30.921917,0.0,0.5965396,390.70157,-11.543599,400.62793,239.8906,240.26823,1.7540395,-10.340364,-8.4470005,0.05107094,60.007137,1.6462289,34.73109,35.19696,37.836613,38.33347,68.19258,56.293896,64.589615,67.87727,68.16769,67.94794,37.703617,37.991726,38.22983,0.5262148,32.99562,72.38011,72.38011,0.0,0.0,0.0,0.0,1,1,0.0,4,0,1,0,0,0,0,0,0,0,0,0,212.08272,1,0,0,fan_never_installed
2026-08-15T04:54:38Z,BP-CORE-00016-57,-5754.1694,-5754.1694,-143.84682,0.0,0.596526,390.54715,-14.73361,400.83853,240.48193,240.02875,2.3900795,-13.160212,-10.787775,-0.08304353,59.970764,1.7580426,34.262985,34.624176,37.322662,37.87087,68.35526,56.235935,63.959064,68.200035,68.199936,68.37715,37.710873,37.999462,38.238052,0.52718025,33.731083,72.77033,72.77033,0.0,0.0,0.0,0.0,1,1,0.0,4,0,1,0,0,0,0,0,0,0,0,0,166.84785,1,0,0,fan_never_installed
2026-08-15T04:54:39Z,BP-CORE-00016-57,-4852.1494,-4852.1494,30.319065,0.0,0.59644055,390.86774,-12.413788,400.81262,239.63841,240.99026,2.123523,-11.136287,-9.060395,0.10770477,59.99757,1.7476925,34.599663,34.9684,37.64831,38.189236,68.46734,56.417656,64.47416,68.9388,68.420166,68.36027,37.7186,38.00767,38.246742,0.52814037,33.49894,73.42104,73.42104,0.0,0.0,0.0,0.0,1,1,0.0,4,0,1,0,0,0,0,0,0,0,0,0,274.36432,1,0,0,fan_never_installed
2026-08-15T04:54:40Z,BP-CORE-00016-57,-5610.0527,-5610.0527,-3.445537,0.0,0.59656197,390.9145,-14.351099,400.8931,240.19485,240.21579,1.809141,-12.845942,-10.509399,-0.030171087,59.994644,1.7363297,34.313866,34.66205,37.3786,37.93588,68.61897,56.431896,64.22703,68.70272,68.62946,68.648796,37.725937,38.015484,38.25503,0.5290952,33.95693,73.86935,73.86935,0.0,0.0,0.0,0.0,1,1,0.0,4,0,1,0,0,0,0,0,0,0,0,0,180.94795,1,0,0,fan_never_installed
2026-08-15T04:54:41Z,BP-CORE-00016-57,-4999.233,-4999.233,142.9891,0.0,0.5963744,391.0444,-12.78431,400.8761,240.03009,239.91357,1.9892285,-11.455139,-9.376938,-0.059373982,60.021717,1.6945912,34.54134,34.969604,37.670975,38.196423,68.73672,56.606583,64.68911,68.67484,68.81598,68.958694,37.733826,38.02385,38.26387,0.5300446,33.767113,74.47591,74.47591,0.0,0.0,0.0,0.0,1,1,0.0,4,0,1,0,0,0,0,0,0,0,0,0,240.67224,1,0,0,fan_never_installed
2026-08-15T04:54:42Z,BP-CORE-00016-57,-5415.918,-5415.918,-66.224976,0.0,0.59663117,391.01685,-13.850857,401.1444,239.54753,239.87862,1.7796211,-12.434923,-10.159985,-0.013698923,60.014503,1.7507768,34.383495,34.75888,37.48818,38.03912,68.875114,56.640244,64.76838,68.93121,68.86958,69.041695,37.74138,38.03187,38.272366,0.5309888,34.11623,74.94686,74.94686,0.0,0.0,0.0,0.0,1,1,0.0,4,0,1,0,0,0,0,0,0,0,0,0,185.6102,1,0,0,fan_never_installed
2026-08-15T04:54:43Z,BP-CORE-00016-57,-4494.2803,-4494.2803,-132.73979,0.0,0.59673864,390.76675,-11.5011835,400.69022,240.36508,240.4229,2.0433605,-10.283749,-8.411953,-0.092107385,60.0073,1.62525,34.727524,35.028534,37.74315,38.31645,68.961205,56.781403,64.86737,69.50128,69.039246,69.08136,37.749146,38.04011,38.281075,0.53192776,33.932674,75.50045,75.50045,0.0,0.0,0.0,0.0,1,1,0.0,4,0,1,0,0,0,0,0,0,0,0,0,206.10094,1,0,0,fan_never_installed
2026-08-15T04:54:44Z,BP-CORE-00016-57,-5200.2173,-5200.2173,-40.622528,0.0,0.5968235,390.6149,-13.312901,400.6099,239.9264,239.22043,2.3150153,-11.920819,-9.782182,0.01028372,60.00038,1.6988077,34.46121,34.751762,37.498375,38.083336,69.08445,56.78464,64.97906,68.99492,68.5063,68.86109,37.75656,38.04799,38.28942,0.53286153,34.332687,75.844826,75.844826,0.0,0.0,0.0,0.0,1,1,0.0,4,0,1,0,0,0,0,0,0,0,0,0,250.34033,1,0,0,fan_never_installed
2026-08-15T04:54:45Z,BP-CORE-00016-57,-5264.9976,-5264.9976,19.643305,0.0,0.59673566,391.2636,-13.456395,401.7778,239.4512,240.24931,2.0470047,-12.093273,-9.861627,0.018427275,59.99772,1.6800226,34.435326,34.754967,37.51138,38.088608,69.21014,56.873585,64.932816,69.22499,69.40687,69.731415,37.76405,38.055946,38.29784,0.53379005,34.45517,76.33779,76.33779,0.0,0.0,0.0,0.0,1,1,0.0,4,0,1,0,0,0,0,0,0,0,0,0,261.38586,1,0,0,fan_never_installed
2026-08-15T04:54:46Z,BP-CORE-00016-57,-5751.362,-5751.362,272.46048,0.0,0.59656394,390.9755,-14.710287,401.06622,240.23102,239.46501,2.4208796,-13.167529,-10.807896,0.017605497,59.985012,1.7910174,34.25135,34.755867,37.52442,38.039978,69.3628,56.980724,65.44622,69.34371,69.53778,69.27832,37.771904,38.064262,38.306618,0.53471345,34.606937,76.84053,76.84053,0.0,0.0,0.0,0.0,1,1,0.0,4,0,1,0,0,0,0,0,0,0,0,0,179.57214,1,0,0,fan_never_installed
2026-08-15T04:54:47Z,BP-CORE-00016-57,-5031.1694,-5031.1694,-77.848404,0.0,0.59681773,390.95715,-12.868852,400.9627,239.8044,239.8068,1.9692767,-11.539167,-9.441043,-0.071185075,59.993996,1.7629834,34.51983,34.63306,37.420048,38.077164,69.470406,57.0192,65.31334,69.469475,69.28624,69.42592,37.778923,38.07174,38.314552,0.5356317,34.837345,77.45122,77.45122,0.0,0.0,0.0,0.0,1,1,0.0,4,0,1,0,0,0,0,0,0,0,0,0,234.10518,1,0,0,fan_never_installed
2026-08-15T04:54:48Z,BP-CORE-00016-57,-5394.836,-5394.836,118.33193,0.0,0.5970548,390.78427,-13.805152,401.24728,239.76256,240.08574,1.9476975,-12.375409,-10.111705,0.06650513,60.01075,1.8089684,34.38186,35.014072,37.781128,38.251617,69.60226,57.2258,65.65435,69.487434,69.54144,69.73196,37.787373,38.080647,38.323917,0.53654486,34.58818,77.881615,77.881615,0.0,0.0,0.0,0.0,1,1,0.0,4,0,1,0,0,0,0,0,0,0,0,0,214.23537,1,0,0,fan_never_installed
2026-08-15T04:54:49Z,BP-CORE-00016-57,-5711.188,-5711.188,26.680376,0.0,0.59683913,390.85297,-14.612113,401.1856,240.36913,239.51707,1.9697168,-13.06804,-10.730067,0.044589456,60.004925,1.7229803,34.26163,34.81412,37.608902,38.114223,69.74887,57.268448,65.858734,69.37701,69.99792,69.81433,37.795456,38.08918,38.33291,0.53745294,34.93475,78.40901,78.40901,0.0,0.0,0.0,0.0,1,1,0.0,4,0,1,0,0,0,0,0,0,0,0,0,179.7054,1,0,0,fan_never_installed
2026-08-15T04:54:50Z,BP-CORE-00016-57,-4819.1245,-4819.1245,20.13531,0.0,0.5969597,391.02213,-12.3244295,400.49512,240.16147,240.47467,2.31242,-11.036402,-9.018023,-0.032993954,60.016514,1.680543,34.59456,34.966938,37.757065,38.324265,69.84352,57.380547,65.88017,69.858665,70.03349,69.9393,37.80342,38.0976,38.341774,0.538356,34.876587,78.99548,78.99548,0.0,0.0,0.0,0.0,1,1,0.0,4,0,1,0,0,0,0,0,0,0,0,0,161.71112,1,0,0,fan_never_installed
2026-08-15T04:54:51Z,BP-CORE-00016-57,-5878.6367,-5878.6367,66.5801,0.0,0.59672797,390.8749,-15.039687,401.53088,240.30942,239.90651,1.7203217,-13.454529,-11.026739,0.012833569,60.007015,1.695022,34.195644,34.62371,37.453423,38.01103,69.99511,57.38369,66.04057,70.11058,69.76111,70.54283,37.81107,38.105698,38.350327,0.539254,35.3714,79.374084,79.374084,0.0,0.0,0.0,0.0,1,1,0.0,4,0,1,0,0,0,0,0,0,0,0,0,233.42706,1,0,0,fan_never_installed
2026-08-15T04:54:52Z,BP-CORE-00016-57,-5524.325,-5524.325,-12.135015,0.0,0.5969205,391.02313,-14.127873,401.16254,240.09624,240.0021,2.1296954,-12.654838,-10.358019,-0.05499243,59.97783,1.7070893,34.326912,34.61293,37.453835,38.063953,70.12423,57.470837,66.15683,70.09989,70.156075,70.55409,37.81848,38.113556,38.358627,0.54014707,35.511295,79.98044,79.98044,0.0,0.0,0.0,0.0,1,1,0.0,4,0,1,0,0,0,0,0,0,0,0,0,168.06346,1,0,0,fan_never_installed
2026-08-15T04:54:53Z,BP-CORE-00016-57,-4759.115,-4759.115,-75.01893,0.0,0.5971586,391.19333,-12.165636,400.89383,240.13077,240.27277,1.98154,-10.900367,-8.913212,0.056301206,59.988956,1.8010164,34.612263,35.14487,37.950336,38.46529,70.21318,57.692688,66.132515,70.37988,70.36831,70.43285,37.82702,38.122536,38.368053,0.5410351,35.068314,80.49691,80.49691,0.0,0.0,0.0,0.0,1,1,0.0,4,0,1,0,0,0,0,0,0,0,0,0,192.72913,1,0,0,fan_never_installed
2026-08-15T04:54:54Z,BP-CORE-00016-57,-4480.7983,-4480.7983,18.678617,0.0,0.5971537,391.2403,-11.452804,400.81375,239.75192,240.22513,2.1274936,-10.279121,-8.393623,-0.008272947,59.98813,1.6666021,34.715027,34.97176,37.796658,38.41303,70.28299,57.68962,66.248215,70.08211,70.24039,70.55101,37.83483,38.13079,38.37675,0.5419183,35.311234,80.85273,80.85273,0.0,0.0,0.0,0.0,1,1,0.0,4,0,1,0,0,0,0,0,0,0,0,0,162.26305,1,0,0,fan_never_installed
2026-08-15T04:54:55Z,BP-CORE-00016-57,-5758.9106,-5758.9106,88.75426,0.0,0.5971758,391.11853,-14.724208,401.02493,240.9486,240.32552,2.1359272,-13.145546,-10.783332,0.012436613,59.975624,1.644143,34.23413,34.181915,37.080788,37.82378,70.41781,57.54704,66.61825,70.324745,70.04142,70.03967,37.841103,38.1375,38.383896,0.5427965,36.23589,81.131966,81.131966,0.0,0.0,0.0,0.0,1,1,0.0,4,0,1,0,0,0,0,0,0,0,0,0,244.17764,1,0,0,fan_never_installed
2026-08-15T04:54:56Z,BP-CORE-00016-57,-5488.379,-5488.379,89.85496,0.0,0.5972506,390.75406,-14.0456085,400.66217,239.75046,240.48268,1.8428644,-12.590626,-10.270055,-0.026698139,59.99994,1.7556771,34.333977,34.483738,37.368134,38.036816,70.5387,57.722206,66.86715,70.2,70.52718,71.18671,37.848145,38.14498,38.391815,0.5436698,36.054955,81.67122,81.67122,0.0,0.0,0.0,0.0,1,1,0.0,4,0,1,0,0,0,0,0,0,0,0,0,184.49295,1,0,0,fan_never_installed
2026-08-15T04:54:57Z,BP-CORE-00016-57,-5136.821,-5136.821,-31.596834,0.0,0.597328,391.02798,-13.136709,401.2004,239.21227,239.38132,1.5172967,-11.810647,-9.656432,-0.03178785,60.00993,1.6633419,34.464203,34.63773,37.517864,38.177166,70.63944,57.83893,66.61304,71.24948,70.36513,70.802284,37.855442,38.15271,38.39998,0.5445383,36.001713,82.15477,82.15477,0.0,0.0,0.0,0.0,1,1,0.0,4,0,1,0,0,0,0,0,0,0,0,0,222.3528,1,0,0,fan_never_installed
2026-08-15T04:54:58Z,BP-CORE-00016-57,-5208.2383,-5208.2383,6.2129683,0.0,0.59723926,391.19003,-13.313831,401.456,239.28548,239.51567,2.222473,-11.971186,-9.785193,-0.075140275,59.990753,1.7790364,34.435814,34.750557,37.630074,38.23979,70.74449,57.946312,66.786156,70.80956,70.80001,70.95162,37.863144,38.160843,38.408546,0.545402,35.99393,82.55776,82.55776,0.0,0.0,0.0,0.0,1,1,0.0,4,0,1,0,0,0,0,0,0,0,0,0,226.75932,1,0,0,fan_never_installed
2026-08-15T04:54:59Z,BP-CORE-00016-57,-5569.2915,-5569.2915,63.98005,0.0,0.59718484,391.05228,-14.241809,401.22092,240.57317,240.27348,1.8572321,-12.732553,-10.430536,0.036169548,60.002842,1.71869,34.29881,34.87635,37.75591,38.27366,70.87083,58.072487,66.93117,71.02936,70.76391,69.97848,37.87149,38.16962,38.41775,0.5462609,35.99448,82.97796,82.97796,0.0,0.0,0.0,0.0,1,1,0.0,4,0,1,0,0,0,0,0,0,0,0,0,190.55888,1,0,0,fan_never_installed
2026-08-15T04:55:00Z,BP-CORE-00016-57,-5220.247,-5220.247,-21.467716,0.0,0.5970944,390.9902,-13.35135,401.06534,240.37769,239.93529,1.8917379,-11.944269,-9.790603,0.04619115,59.996147,1.6722317,34.42809,34.98119,37.86082,38.387142,70.97657,58.177956,66.91188,71.01255,70.77422,70.667725,37.87994,38.178497,38.427055,0.54711497,35.99538,83.48332,83.48332,0.0,0.0,0.0,0.0,1,1,0.0,4,0,1,0,0,0,0,0,0,0,0,0,170.2666,1,0,0,fan_never_installed
2026-08-15T04:55:01Z,BP-CORE-00016-57,-4945.895,-4945.895,-53.946297,0.0,0.59729326,390.98108,-12.64996,401.0102,240.06105,240.3028,1.8608525,-11.33146,-9.2618685,-0.09045746,59.990875,1.7522359,34.529358,34.911335,37.803577,38.392944,71.064354,58.21845,67.08137,71.20603,71.00539,71.39888,37.887993,38.186974,38.43596,0.54796433,36.15302,83.90628,83.90628,0.0,0.0,0.0,0.0,1,1,0.0,4,0,1,0,0,0,0,0,0,0,0,0,170.1723,1,0,0,fan_never_installed
2026-08-15T04:55:02Z,BP-CORE-00016-57,-4786.1235,-4786.1235,224.58298,0.0,0.5972241,391.05115,-12.239124,401.18335,240.43727,239.68237,1.8653004,-10.948253,-8.985874,-0.06217344,60.000042,1.7531128,34.587658,35.04309,37.931107,38.49371,71.14331,58.313244,67.19963,70.94694,70.84338,71.159546,37.89634,38.195744,38.44515,0.548809,36.10022,84.25742,84.25742,0.0,0.0,0.0,0.0,1,1,0.0,4,0,1,0,0,0,0,0,0,0,0,0,221.68066,1,0,0,fan_never_installed
2026-08-15T04:55:03Z,BP-CORE-00016-57,-5308.87,-5308.87,34.130093,0.0,0.59757394,391.19128,-13.5710335,401.32483,240.27478,239.90482,2.1945498,-12.152247,-9.95808,-0.036684584,59.986866,1.7040956,34.39001,34.69509,37.619328,38.243607,71.24802,58.28214,67.43319,71.48882,71.49342,71.43386,37.903976,38.2038,38.453625,0.54964894,36.55292,84.57324,84.57324,0.0,0.0,0.0,0.0,1,1,0.0,4,0,1,0,0,0,0,0,0,0,0,0,260.74097,1,0,0,fan_never_installed
2026-08-15T04:55:04Z,BP-CORE-00016-57,-5371.5537,-5371.5537,107.471886,0.0,0.5974948,390.95673,-13.73951,401.28934,240.3271,239.77925,2.1814284,-12.293056,-10.080935,0.050582934,60.022823,1.6371952,34.364887,34.880867,37.79898,38.347916,71.35728,58.414352,67.45106,71.38448,71.66114,71.18529,37.912235,38.21248,38.46272,0.55048424,36.47641,84.99206,84.99206,0.0,0.0,0.0,0.0,1,1,0.0,4,0,1,0,0,0,0,0,0,0,0,0,223.6556,1,0,0,fan_never_installed
2026-08-15T04:55:05Z,BP-CORE-00016-57,-6127.06,-6127.06,-16.969534,0.0,0.5973363,390.91394,-15.67368,401.5491,240.89531,239.30733,2.457369,-13.988995,-11.52149,0.05472878,59.991302,1.6501234,34.079956,34.443264,37.408165,38.022232,71.50453,58.38615,67.170456,71.69818,71.82968,71.55182,37.91969,38.22035,38.471004,0.5513149,37.061268,85.4291,85.4291,0.0,0.0,0.0,0.0,1,1,0.0,4,0,1,0,0,0,0,0,0,0,0,0,168.53108,1,0,0,fan_never_installed
2026-08-15T04:55:06Z,BP-CORE-00016-57,-4443.4434,-4443.4434,83.23514,0.0,0.597513,391.04904,-11.36288,400.78824,239.88405,239.85625,2.1066597,-10.187813,-8.33645,0.07043871,59.996426,1.7555293,34.70969,34.992657,37.91789,38.55016,71.558044,58.58843,68.10396,71.85678,71.26022,71.30693,37.927696,38.228767,38.479836,0.5521409,36.565388,86.01813,86.01813,0.0,0.0,0.0,0.0,1,1,0.0,4,0,1,0,0,0,0,0,0,0,0,0,215.4978,1,0,0,fan_never_installed
2026-08-15T04:55:07Z,BP-CORE-00016-57,-4791.179,-4791.179,-32.968178,0.0,0.5975301,391.01633,-12.253143,400.8176,240.33908,240.09412,1.5256048,-10.964294,-8.979939,-0.038629368,60.00399,1.7580183,34.57767,34.84318,37.786095,38.428894,71.629585,58.593666,67.50861,71.280266,72.040565,71.397095,37.935467,38.23695,38.48843,0.55296236,36.786407,86.23218,86.23218,0.0,0.0,0.0,0.0,1,1,0.0,4,0,1,0,0,0,0,0,0,0,0,0,177.44316,1,0,0,fan_never_installed
2026-08-15T04:55:08Z,BP-CORE-00016-57,-5375.613,-5375.613,-106.44148,0.0,0.59745795,391.16165,-13.742688,401.3048,239.96649,240.10124,2.2850714,-12.320832,-10.075024,-0.08064789,59.99628,1.677752,34.356884,34.757492,37.715572,38.31488,71.733475,58.640682,68.23624,71.28192,71.82766,71.41202,37.943375,38.245266,38.497154,0.55377924,36.975983,86.51835,86.51835,0.0,0.0,0.0,0.0,1,1,0.0,4,0,1,0,0,0,0,0,0,0,0,0,210.83986,1,0,0,fan_never_installed
2026-08-15T04:55:09Z,BP-CORE-00016-57,-5353.37,-5353.37,12.844073,0.0,0.597451,390.8733,-13.695923,401.2968,239.54944,240.42339,1.8993928,-12.291215,-10.019894,-0.027652502,60.001446,1.798955,34.3636,34.96556,37.915295,38.44204,71.83722,58.775723,67.68988,71.41696,71.53786,72.06554,37.951916,38.25421,38.506508,0.55459154,36.871662,86.9339,86.9339,0.0,0.0,0.0,0.0,1,1,0.0,4,0,1,0,0,0,0,0,0,0,0,0,205.34106,1,0,0,fan_never_installed
2026-08-15T04:55:10Z,BP-CORE-00016-57,-4737.534,-4737.534,-136.90392,0.0,0.59723413,391.25333,-12.10861,400.89206,239.57307,239.8126,2.0436718,-10.876196,-8.889817,0.045212563,59.996487,1.6915843,34.592915,34.964966,37.92008,38.52864,71.903885,58.822212,68.10794,72.05129,71.927704,71.37809,37.960033,38.262733,38.51543,0.55539936,36.938923,87.34889,87.34889,0.0,0.0,0.0,0.0,1,1,0.0,4,0,1,0,0,0,0,0,0,0,0,0,237.00578,1,0,0,fan_never_installed
2026-08-15T04:55:11Z,BP-CORE-00016-57,-4786.5015,-4786.5015,-47.495564,0.0,0.5979052,391.20242,-12.235358,401.0501,239.78926,239.26836,1.8508067,-10.978706,-9.002133,-0.004556815,59.977722,1.6252586,34.57292,34.623356,37.610996,38.340256,71.96887,58.765217,67.94494,72.070114,72.155464,71.54799,37.967125,38.270226,38.523327,0.5562027,37.345516,87.61555,87.61555,0.0,0.0,0.0,0.0,1,1,0.0,4,0,1,0,0,0,0,0,0,0,0,0,189.04903,1,0,0,fan_never_installed
2026-08-15T04:55:12Z,BP-CORE-00016-57,-4892.679,-4892.679,-50.686737,0.0,0.59771115,390.93378,-12.515366,401.0601,239.92892,240.12167,1.8497628,-11.215712,-9.169126,0.06641576,60.00623,1.6786423,34.53148,34.7468,37.73031,38.400826,72.0407,58.852528,68.44903,72.86485,71.97638,71.967705,37.974663,38.278164,38.531666,0.5570016,37.293903,87.87549,87.87549,0.0,0.0,0.0,0.0,1,1,0.0,4,0,1,0,0,0,0,0,0,0,0,0,217.91948,1,0,0,fan_never_installed
2026-08-15T04:55:13Z,BP-CORE-00016-57,-5329.3003,-5329.3003,-83.16297,0.0,0.5976017,390.89444,-13.633604,400.98444,240.05225,239.61594,1.9749434,-12.210321,-10.008454,-0.0397061,59.994816,1.6235919,34.366116,34.814667,37.80053,38.390003,72.137955,58.940968,68.090485,71.86181,72.11032,72.4308,37.982708,38.286606,38.5405,0.557796,37.323288,88.162796,88.162796,0.0,0.0,0.0,0.0,1,1,0.0,4,0,1,0,0,0,0,0,0,0,0,0,168.94775,1,0,0,fan_never_installed
2026-08-15T04:55:14Z,BP-CORE-00016-57,-4671.237,-4671.237,-16.016401,0.0,0.5978687,391.19156,-11.941047,400.94968,239.98062,240.31561,2.06242,-10.705782,-8.7470665,-0.012751009,60.02179,1.6208546,34.61126,35.1879,38.14886,38.687275,72.19988,59.09629,67.76499,72.00917,72.36869,72.43502,37.991444,38.295734,38.55003,0.55858606,37.011986,88.55181,88.55181,0.0,0.0,0.0,0.0,1,1,0.0,4,0,1,0,0,0,0,0,0,0,0,0,196.04517,1,0,0,fan_never_installed
2026-08-15T04:55:15Z,BP-CORE-00016-57,-4873.0425,-4873.0425,5.4132967,0.0,0.59773993,391.1753,-12.457439,400.79672,239.96477,239.75685,2.0758693,-11.169029,-9.146221,0.054870762,60.002617,1.7343009,34.533947,34.612267,37.624607,38.35028,72.2665,58.970234,68.24218,72.32375,72.13739,72.044235,37.998535,38.303223,38.557907,0.5593717,37.65424,88.799545,88.799545,0.0,0.0,0.0,0.0,1,1,0.0,4,0,1,0,0,0,0,0,0,0,0,0,208.91559,1,0,0,fan_never_installed
2026-08-15T04:55:16Z,BP-CORE-00016-57,-5002.0454,-5002.0454,53.115524,0.0,0.5978919,390.9226,-12.795487,400.85684,239.71567,239.84027,1.6877787,-11.476617,-9.385081,-0.09310783,60.022564,1.7965345,34.483936,34.79285,37.796776,38.439636,72.34192,59.077198,68.37437,72.49068,72.46496,72.120895,38.006268,38.311344,38.56642,0.56015295,37.54907,89.066025,89.066025,0.0,0.0,0.0,0.0,1,1,0.0,4,0,1,0,0,0,0,0,0,0,0,0,178.3227,1,0,0,fan_never_installed
2026-08-15T04:55:17Z,BP-CORE-00016-57,-4550.5747,-4550.5747,-31.746157,0.0,0.5980212,391.11505,-11.634875,401.0958,240.36337,240.37668,1.6388388,-10.412636,-8.518957,-0.010862767,59.982582,1.6899852,34.651604,35.10499,38.088078,38.675167,72.39362,59.207035,68.3958,72.638664,72.42294,72.31641,38.014637,38.320103,38.57557,0.5609299,37.288635,89.367676,89.367676,0.0,0.0,0.0,0.0,1,1,0.0,4,0,1,0,0,0,0,0,0,0,0,0,202.09775,1,0,0,fan_never_installed
2026-08-15T04:55:18Z,BP-CORE-00016-57,-4943.9077,-4943.9077,-102.71589,0.0,0.59786844,391.09152,-12.641306,401.15625,240.36896,240.23247,1.365541,-11.312398,-9.260857,-0.029681308,59.98539,1.7342215,34.50247,34.992188,37.990128,38.56821,72.466446,59.22417,68.58653,72.36809,72.56817,72.602036,38.022915,38.328766,38.584614,0.5617025,37.474262,89.5745,89.5745,0.0,0.0,0.0,0.0,1,1,0.0,4,0,1,0,0,0,0,0,0,0,0,0,205.74727,1,0,0,fan_never_installed
2026-08-15T04:55:19Z,BP-CORE-00016-57,-4151.899,-4151.899,-277.64627,0.0,0.59800607,391.24265,-10.612082,400.5534,239.98372,240.03555,2.228433,-9.515413,-7.7836576,0.062319517,60.00092,1.7123177,34.797832,35.136105,38.124725,38.753487,72.49386,59.286533,68.41253,72.728745,72.65737,72.32168,38.03107,38.337307,38.593544,0.5624708,37.357754,89.86579,89.86579,0.0,0.0,0.0,0.0,1,1,0.0,4,0,1,0,0,0,0,0,0,0,0,0,241.21939,1,0,0,fan_never_installed
2026-08-15T04:55:20Z,BP-CORE-00016-57,-5196.368,-5196.368,34.74385,0.0,0.59791756,391.02222,-13.289189,401.12128,240.0784,240.09854,1.7243539,-11.904455,-9.739192,-0.004738079,60.001137,1.7266865,34.40452,34.775978,37.80013,38.42616,72.577896,59.23732,68.51926,72.580605,72.6018,72.70321,38.03882,38.345436,38.60205,0.56323487,37.801918,89.97544,89.97544,0.0,0.0,0.0,0.0,1,1,0.0,4,0,1,0,0,0,0,0,0,0,0,0,185.283,1,0,0,fan_never_installed
2026-08-15T04:55:21Z,BP-CORE-00016-57,-4450.084,-4450.084,-0.8961476,0.0,0.5977222,391.18927,-11.375783,401.0474,240.72244,239.98291,2.083497,-10.167503,-8.3445015,-0.07123997,59.984283,1.7228402,34.68273,35.294262,38.28058,38.81312,72.62322,59.424534,69.14935,72.75684,72.52658,72.195984,38.047634,38.35463,38.611626,0.56399465,37.328957,90.31158,90.31158,0.0,0.0,0.0,0.0,1,1,0.0,4,0,1,0,0,0,0,0,0,0,0,0,210.99747,1,0,0,fan_never_installed
2026-08-15T04:55:22Z,BP-CORE-00016-57,-5439.285,-5439.285,0.5544321,0.0,0.5979859,391.19537,-13.904266,401.30838,239.23947,239.49554,2.3417878,-12.504654,-10.220141,-0.003044784,60.01241,1.651403,34.31014,34.705055,37.74619,38.368248,72.7192,59.314957,68.67042,72.17519,72.61087,72.50351,38.0553,38.36268,38.620052,0.56475025,38.01414,90.49288,90.49288,0.0,0.0,0.0,0.0,1,1,0.0,4,0,1,0,0,0,0,0,0,0,0,0,154.80641,1,0,0,fan_never_installed
2026-08-15T04:55:23Z,BP-CORE-00016-57,-4907.1377,-4907.1377,89.957,0.0,0.598108,390.89447,-12.553612,401.05972,239.87947,240.55054,1.8834523,-11.251174,-9.179826,0.045532815,59.995514,1.7190146,34.50805,35.177834,38.186672,38.704456,72.78832,59.505177,68.87844,72.95171,72.86129,72.85985,38.064056,38.371807,38.62956,0.56550163,37.61049,90.87679,90.87679,0.0,0.0,0.0,0.0,1,1,0.0,4,0,1,0,0,0,0,0,0,0,0,0,182.3328,1,0,0,fan_never_installed
2026-08-15T04:55:24Z,BP-CORE-00016-57,-4042.2861,-4042.2861,-46.346466,0.0,0.5980698,391.29422,-10.330555,401.01382,240.32094,240.32773,1.7646447,-9.251201,-7.568951,0.040731087,59.987484,1.6708539,34.830723,35.372387,38.367268,38.926407,72.80839,59.577587,68.59424,72.92979,72.78396,72.735054,38.072796,38.38092,38.639046,0.56624883,37.436,91.15329,91.15329,0.0,0.0,0.0,0.0,1,1,0.0,4,0,1,0,0,0,0,0,0,0,0,0,174.69312,1,0,0,fan_never_installed
2026-08-15T04:55:25Z,BP-CORE-00016-57,-4457.998,-4457.998,-36.401752,0.0,0.59840643,391.02924,-11.400677,400.9033,239.76573,240.21803,2.4493694,-10.226227,-8.351159,0.07467012,59.981144,1.7363294,34.673187,34.977406,38.00706,38.657997,72.84809,59.48689,69.09467,72.71641,72.88808,72.78598,38.08057,38.38907,38.647564,0.5669919,37.87069,91.23356,91.23356,0.0,0.0,0.0,0.0,1,1,0.0,4,0,1,0,0,0,0,0,0,0,0,0,205.49333,1,0,0,fan_never_installed
2026-08-15T04:55:26Z,BP-CORE-00016-57,-4380.87,-4380.87,114.59384,0.0,0.59797806,391.38715,-11.193189,400.80646,240.18184,239.81793,2.8099272,-10.031893,-8.220367,0.023756204,60.003757,1.6958537,34.700462,35.014626,38.044117,38.691532,72.88327,59.52268,68.54999,72.837715,73.399254,72.62039,38.088383,38.397247,38.656116,0.56773084,37.86865,91.39238,91.39238,0.0,0.0,0.0,0.0,1,1,0.0,4,0,1,0,0,0,0,0,0,0,0,0,200.30234,1,0,0,fan_never_installed
2026-08-15T04:55:27Z,BP-CORE-00016-57,-4773.695,-4773.695,-16.33962,0.0,0.59809065,391.03873,-12.207729,401.3931,239.84834,240.36334,1.0068119,-10.946634,-8.937148,0.031792846,60.00646,1.8007181,34.551502,34.9933,38.029095,38.633415,72.94074,59.556507,69.11949,72.96083,73.28347,72.96749,38.096375,38.40561,38.66484,0.56846565,37.947437,91.5331,91.5331,0.0,0.0,0.0,0.0,1,1,0.0,4,0,1,0,0,0,0,0,0,0,0,0,147.57045,1,0,0,fan_never_installed
2026-08-15T04:55:28Z,BP-CORE-00016-57,-5393.216,-5393.216,-65.16505,0.0,0.5981023,391.07388,-13.790785,401.42294,239.28691,239.85341,1.7361084,-12.396285,-10.118461,0.1117406,60.002434,1.6863335,34.31753,34.69437,37.76125,38.396076,73.03039,59.52958,69.14778,72.78404,72.60677,73.2955,38.103863,38.413464,38.67306,0.5691964,38.336014,91.762955,91.762955,0.0,0.0,0.0,0.0,1,1,0.0,4,0,1,0,0,0,0,0,0,0,0,0,252.43001,1,0,0,fan_never_installed
2026-08-15T04:55:29Z,BP-CORE-00016-57,-5251.8145,-5251.8145,-42.151535,0.0,0.59821147,390.8892,-13.435557,401.25534,240.61597,240.1903,2.0459354,-12.004597,-9.83935,-0.024892693,59.994175,1.8167365,34.368904,34.497517,37.586403,38.31361,73.1086,59.525272,68.62069,72.96852,72.70427,73.18785,38.110657,38.42062,38.68058,0.5699231,38.61108,92.12154,92.12154,0.0,0.0,0.0,0.0,1,1,0.0,4,0,1,0,0,0,0,0,0,0,0,0,207.60765,1,0,0,fan_never_installed
2026-08-15T04:55:30Z,BP-CORE-00016-57,-5060.391,-5060.391,-79.79153,0.0,0.59835774,391.2222,-12.934826,401.14334,239.30377,240.15948,1.8300942,-11.630468,-9.481933,-0.020787852,59.993443,1.722008,34.439034,34.751938,37.825993,38.48499,73.177605,59.649902,68.91234,73.03457,73.15154,73.354546,38.1181,38.42842,38.688744,0.57064575,38.425663,92.43439,92.43439,0.0,0.0,0.0,0.0,1,1,0.0,4,0,1,0,0,0,0,0,0,0,0,0,190.20758,1,0,0,fan_never_installed
2026-08-15T04:55:31Z,BP-CORE-00016-57,-3945.5022,-3945.5022,-0.9019693,0.0,0.59811836,390.97906,-10.091339,400.6678,240.36497,240.46236,2.4156463,-9.028047,-7.383592,-0.0032116086,60.001297,1.6419004,34.85546,35.25534,38.28982,38.90849,73.18639,59.80708,69.47514,73.17045,72.77938,73.57427,38.1263,38.436985,38.697666,0.5713644,37.931057,92.7104,92.7104,0.0,0.0,0.0,0.0,1,1,0.0,4,0,1,0,0,0,0,0,0,0,0,0,184.47296,1,0,0,fan_never_installed
2026-08-15T04:55:32Z,BP-CORE-00016-57,-4598.102,-4598.102,122.07321,0.0,0.5985483,391.3996,-11.747847,401.4394,240.6306,240.76414,2.341822,-10.509703,-8.594079,0.0011482348,59.982906,1.6941545,34.60908,35.168907,38.21397,38.779297,73.2322,59.813213,69.19815,73.16973,73.13415,72.99676,38.13465,38.44569,38.70673,0.57207906,38.063297,92.74559,92.74559,0.0,0.0,0.0,0.0,1,1,0.0,4,0,1,0,0,0,0,0,0,0,0,0,242.54317,1,0,0,fan_never_installed
2026-08-15T04:55:33Z,BP-CORE-00016-57,-4705.3257,-4705.3257,3.705092,0.0,0.59846705,391.26935,-12.025798,401.539,240.43407,239.91165,2.151453,-10.763571,-8.825735,0.019676028,59.998154,1.6410598,34.567215,34.858017,37.9318,38.598465,73.280304,59.753616,69.417244,73.10225,73.62955,73.55814,38.142094,38.45349,38.714886,0.5727897,38.422283,92.92881,92.92881,0.0,0.0,0.0,0.0,1,1,0.0,4,0,1,0,0,0,0,0,0,0,0,0,231.72011,1,0,0,fan_never_installed
2026-08-15T04:55:34Z,BP-CORE-00016-57,-5154.098,-5154.098,-6.746679,0.0,0.5983027,390.8983,-13.185267,400.66132,240.14989,239.41429,2.0513995,-11.804104,-9.687576,-0.049948655,59.997906,1.6472046,34.397266,34.602665,37.70255,38.40563,73.351204,59.726643,69.05321,73.45907,73.550934,72.828766,38.14905,38.4608,38.722546,0.57349646,38.74854,93.1212,93.1212,0.0,0.0,0.0,0.0,1,1,0.0,4,0,1,0,0,0,0,0,0,0,0,0,268.4098,1,0,0,fan_never_installed
2026-08-15T04:55:35Z,BP-CORE-00016-57,-5266.664,-5266.664,35.494747,0.0,0.5984195,390.93283,-13.472044,401.2393,239.88794,239.48941,2.2527287,-12.075076,-9.896049,0.0507406,60.014973,1.8161405,34.353394,34.980637,38.05675,38.606247,73.43209,59.896652,69.78314,73.46165,73.04997,73.768425,38.157238,38.469337,38.731438,0.57419926,38.45145,93.40482,93.40482,0.0,0.0,0.0,0.0,1,1,0.0,4,0,1,0,0,0,0,0,0,0,0,0,194.62953,1,0,0,fan_never_installed
2026-08-15T04:55:36Z,BP-CORE-00016-57,-4885.3604,-4885.3604,73.0487,0.0,0.59884596,391.23,-12.487183,401.43558,240.95999,240.09982,2.5784926,-11.151014,-9.156242,-0.0023608382,59.990746,1.708941,34.49472,34.579266,37.691753,38.440285,73.48537,59.813538,69.71124,73.7092,73.4079,73.226845,38.16393,38.47638,38.738827,0.5748981,38.906105,93.72835,93.72835,0.0,0.0,0.0,0.0,1,1,0.0,4,0,1,0,0,0,0,0,0,0,0,0,151.29053,1,0,0,fan_never_installed
2026-08-15T04:55:37Z,BP-CORE-00016-57,-4700.87,-4700.87,-17.786177,0.0,0.5984402,391.09985,-12.019616,400.66986,239.15082,240.75954,2.196576,-10.81108,-8.786325,0.023603864,59.989124,1.7246735,34.56224,34.947346,38.03407,38.670963,73.53139,59.956173,69.4714,73.68337,73.90512,73.353485,38.171608,38.484406,38.747204,0.5755931,38.58404,93.941475,93.941475,0.0,0.0,0.0,0.0,1,1,0.0,4,0,1,0,0,0,0,0,0,0,0,0,249.26929,1,0,0,fan_never_installed
2026-08-15T04:55:38Z,BP-CORE-00016-57,-4943.7666,-4943.7666,35.68952,0.0,0.5986166,391.00464,-12.643754,400.88538,239.20253,239.65074,1.9828317,-11.367236,-9.283071,0.031321343,60.024467,1.6620296,34.46949,34.98147,38.070267,38.663273,73.59144,60.00845,69.41415,73.460304,73.73365,73.50828,38.17954,38.492683,38.755825,0.5762843,38.60997,94.12554,94.12554,0.0,0.0,0.0,0.0,1,1,0.0,4,0,1,0,0,0,0,0,0,0,0,0,131.32845,1,0,0,fan_never_installed
2026-08-15T04:55:39Z,BP-CORE-00016-57,-4777.1714,-4777.1714,14.496266,0.0,0.59887195,391.08157,-12.2152815,400.83582,240.3376,240.0065,2.0675232,-10.932307,-8.956954,0.040966567,59.987843,1.731361,34.530296,34.703304,37.81808,38.536224,73.638016,59.957603,69.516,73.74219,73.33318,73.79372,38.18649,38.499977,38.763462,0.5769716,38.93471,94.36576,94.36576,0.0,0.0,0.0,0.0,1,1,0.0,4,0,1,0,0,0,0,0,0,0,0,0,165.60498,1,0,0,fan_never_installed
2026-08-15T04:55:40Z,BP-CORE-00016-57,-4454.8696,-4454.8696,-97.648575,0.0,0.598329,391.17554,-11.388415,400.87183,239.77478,240.58385,1.8549592,-10.218665,-8.332609,0.015253431,60.005825,1.5828134,34.649494,35.078842,38.166092,38.787632,73.66945,60.09227,69.3169,73.56673,74.17624,73.37149,38.19435,38.50818,38.772007,0.5776551,38.590607,94.55207,94.55207,0.0,0.0,0.0,0.0,1,1,0.0,4,0,1,0,0,0,0,0,0,0,0,0,165.21814,1,0,0,fan_never_installed
2026-08-15T04:55:41Z,BP-CORE-00016-57,-4987.751,-4987.751,161.59897,0.0,0.5986985,391.41437,-12.742891,401.4845,240.00009,239.80428,1.6992099,-11.430258,-9.359666,-0.015589479,60.003334,1.7213695,34.447994,34.86603,37.97509,38.60604,73.729256,60.070286,69.677826,73.59947,73.28581,73.71998,38.201897,38.516068,38.78023,0.5783348,38.86322,94.6778,94.6778,0.0,0.0,0.0,0.0,1,1,0.0,4,0,1,0,0,0,0,0,0,0,0,0,231.61961,1,0,0,fan_never_installed
2026-08-15T04:55:42Z,BP-CORE-00016-57,-4719.4097,-4719.4097,-8.531879,0.0,0.5987381,391.19128,-12.064199,401.2613,240.24612,239.38469,1.9727492,-10.8042345,-8.871638,-0.041947853,60.008495,1.7518425,34.54695,34.996624,38.098827,38.716995,73.77419,60.14092,69.81059,74.29459,73.49589,74.34384,38.20965,38.524155,38.78866,0.5790107,38.777565,94.917015,94.917015,0.0,0.0,0.0,0.0,1,1,0.0,4,0,1,0,0,0,0,0,0,0,0,0,219.53973,1,0,0,fan_never_installed
2026-08-15T04:55:43Z,BP-CORE-00016-57,-4322.166,-4322.166,60.46661,0.0,0.5988939,391.09576,-11.051426,400.86835,239.76076,240.48798,2.4918315,-9.914846,-8.087617,-0.026325028,59.988533,1.6847733,34.694244,35.13471,38.227688,38.846775,73.79699,60.198303,70.01276,74.030914,74.02544,73.58702,38.217525,38.532364,38.797207,0.5796829,38.66228,95.096756,95.096756,0.0,0.0,0.0,0.0,1,1,0.0,4,0,1,0,0,0,0,0,0,0,0,0,180.49072,1,0,0,fan_never_installed
2026-08-15T04:55:44Z,BP-CORE-00016-57,-4870.204,-4870.204,-45.67001,0.0,0.59875077,390.9311,-12.457961,400.9595,239.8681,240.25522,2.1958675,-11.167022,-9.121933,-0.037117556,60.00306,1.7101293,34.48706,34.668457,37.802685,38.522755,73.84632,60.092964,69.992455,74.083725,73.826,74.15874,38.224316,38.539494,38.80467,0.5803513,39.177864,95.18795,95.18795,0.0,0.0,0.0,0.0,1,1,0.0,4,0,1,0,0,0,0,0,0,0,0,0,205.40009,1,0,0,fan_never_installed
2026-08-15T04:55:45Z,BP-CORE-00016-57,-4711.93,-4711.93,45.107418,0.0,0.5987923,391.18863,-12.045161,400.985,240.28844,239.93889,2.163787,-10.785211,-8.837119,0.0073649753,59.991768,1.5896056,34.54474,34.767033,37.896626,38.601223,73.88697,60.15099,70.00308,74.32802,74.2813,73.99058,38.23129,38.5468,38.812305,0.581016,39.119938,95.385284,95.385284,0.0,0.0,0.0,0.0,1,1,0.0,4,0,1,0,0,0,0,0,0,0,0,0,188.14677,1,0,0,fan_never_installed
2026-08-15T04:55:46Z,BP-CORE-00016-57,-4300.2363,-4300.2363,90.610466,0.0,0.5988176,391.15015,-10.993825,401.04468,240.05727,240.23085,1.3915218,-9.852357,-8.055195,0.0017284874,59.995613,1.6350436,34.69745,35.013313,38.124718,38.792015,73.90589,60.238113,69.61686,73.84856,73.69213,73.9743,38.23871,38.55455,38.82039,0.581677,38.89258,95.54788,95.54788,0.0,0.0,0.0,0.0,1,1,0.0,4,0,1,0,0,0,0,0,0,0,0,0,184.65611,1,0,0,fan_never_installed
2026-08-15T04:55:47Z,BP-CORE-00016-57,-4420.749,-4420.749,40.91719,0.0,0.5990634,391.1897,-11.300781,401.09207,239.81955,239.68898,2.2650485,-10.138506,-8.299661,-0.033760343,60.00386,1.6034961,34.650578,35.244587,38.339752,38.905643,73.9342,60.327312,70.445595,74.03121,73.93108,73.807144,38.246887,38.563057,38.829224,0.5823344,38.68961,95.62355,95.62355,0.0,0.0,0.0,0.0,1,1,0.0,4,0,1,0,0,0,0,0,0,0,0,0,190.04092,1,0,0,fan_never_installed
2026-08-15T04:55:48Z,BP-CORE-00016-57,-4866.25,-4866.25,-47.10889,0.0,0.5988157,391.0561,-12.443867,400.84573,239.64928,240.6288,2.4089143,-11.168142,-9.100375,0.014819467,59.988007,1.6847955,34.48184,35.54298,38.618862,39.01643,73.99149,60.456936,70.11444,73.90856,73.87992,73.37573,38.256256,38.57275,38.839245,0.5829881,38.44851,95.73678,95.73678,0.0,0.0,0.0,0.0,1,1,0.0,4,0,1,0,0,0,0,0,0,0,0,0,193.92606,1,0,0,fan_never_installed
2026-08-15T04:55:49Z,BP-CORE-00016-57,-5274.8364,-5274.8364,57.112545,0.0,0.5991694,390.86212,-13.495389,400.97598,239.70474,239.35413,2.0615382,-12.103056,-9.9170065,-0.0039304043,60.012753,1.6505264,34.32694,34.676277,37.827164,38.492615,74.062355,60.24653,69.78558,74.050606,74.49185,74.25096,38.26323,38.580048,38.846867,0.58363813,39.386078,95.96596,95.96596,0.0,0.0,0.0,0.0,1,1,0.0,4,0,1,0,0,0,0,0,0,0,0,0,188.16241,1,0,0,fan_never_installed
2026-08-15T04:55:50Z,BP-CORE-00016-57,-4785.2197,-4785.2197,-42.90609,0.0,0.59918356,391.20956,-12.231857,401.4487,239.54027,240.32338,2.1853442,-10.987175,-8.960214,0.0071065533,59.989178,1.6362017,34.50886,34.853123,37.99334,38.6579,74.105835,60.33002,70.30713,73.939766,74.36828,74.3279,38.2704,38.587543,38.854687,0.5842846,39.252712,96.24941,96.24941,0.0,0.0,0.0,0.0,1,1,0.0,4,0,1,0,0,0,0,0,0,0,0,0,148.00041,1,0,0,fan_never_installed
2026-08-15T04:55:51Z,BP-CORE-00016-57,-4479.6196,-4479.6196,-20.033699,0.0,0.5989644,391.21762,-11.450455,400.95187,239.4632,239.72101,2.0463784,-10.288808,-8.409062,-0.024743706,59.98872,1.6614763,34.62178,35.062172,38.187866,38.81515,74.13332,60.41198,70.08688,74.208466,74.20131,74.169685,38.27798,38.595444,38.862907,0.58492744,39.07115,96.42333,96.42333,0.0,0.0,0.0,0.0,1,1,0.0,4,0,1,0,0,0,0,0,0,0,0,0,201.14859,1,0,0,fan_never_installed
2026-08-15T04:55:52Z,BP-CORE-00016-57,-4635.2666,-4635.2666,-59.079796,0.0,0.5989888,390.93448,-11.856889,400.66245,239.70337,240.50595,2.2263548,-10.635632,-8.672842,-0.012041697,60.024666,1.7194867,34.56173,35.182003,38.301117,38.8638,74.17092,60.474247,70.34943,73.99494,74.28954,73.962456,38.286007,38.60379,38.871574,0.58556676,38.988922,96.5333,96.5333,0.0,0.0,0.0,0.0,1,1,0.0,4,0,1,0,0,0,0,0,0,0,0,0,170.26237,1,0,0,fan_never_installed
2026-08-15T04:55:53Z,BP-CORE-00016-57,-4575.7607,-4575.7607,-42.412567,0.0,0.598856,390.9928,-11.702929,400.95993,240.21268,240.57094,2.4687543,-10.476833,-8.55919,-0.11176254,60.00997,1.723264,34.58236,34.995228,38.131813,38.771458,74.20256,60.440357,69.855415,73.76349,74.20805,74.44518,38.293392,38.611496,38.879597,0.5862025,39.20733,96.68369,96.68369,0.0,0.0,0.0,0.0,1,1,0.0,4,0,1,0,0,0,0,0,0,0,0,0,214.86021,1,0,0,fan_never_installed
2026-08-15T04:55:54Z,BP-CORE-00016-57,-5131.5327,-5131.5327,-108.56781,0.0,0.5989409,391.5157,-13.106838,401.3299,239.99821,240.40053,2.0407283,-11.75985,-9.605593,-0.010559652,60.00821,1.7264202,34.372257,34.818466,37.974133,38.606876,74.2643,60.430546,70.476234,74.60356,74.286316,73.98773,38.300594,38.61901,38.88743,0.5868347,39.44583,96.810234,96.810234,0.0,0.0,0.0,0.0,1,1,0.0,4,0,1,0,0,0,0,0,0,0,0,0,205.53842,1,0,0,fan_never_installed
2026-08-15T04:55:55Z,BP-CORE-00016-57,-3807.2744,-3807.2744,-25.15562,0.0,0.5991525,391.35165,-9.728525,400.91794,239.57887,240.0553,2.5738683,-8.74034,-7.1369953,0.06646145,60.009907,1.6190056,34.86717,35.26797,38.386784,39.026203,74.2531,60.557556,70.4624,74.36025,74.52879,74.68847,38.308247,38.62698,38.89571,0.5874634,38.985123,97.05718,97.05718,0.0,0.0,0.0,0.0,1,1,0.0,4,0,1,0,0,0,0,0,0,0,0,0,186.15169,1,0,0,fan_never_installed
2026-08-15T04:55:56Z,BP-CORE-00016-57,-4535.8965,-4535.8965,79.35024,0.0,0.59904504,391.02185,-11.600111,400.81766,239.8307,240.6746,1.5881048,-10.4021015,-8.4809675,-0.045221366,60.019634,1.7302709,34.592243,34.959927,38.10562,38.763355,74.2811,60.484745,70.24859,74.13068,74.52413,74.30582,38.31541,38.634453,38.903496,0.5880886,39.32117,97.012375,97.012375,0.0,0.0,0.0,0.0,1,1,0.0,4,0,1,0,0,0,0,0,0,0,0,0,220.00023,1,0,0,fan_never_installed
2026-08-15T04:55:57Z,BP-CORE-00016-57,-4809.5137,-4809.5137,-75.04777,0.0,0.5991512,390.97528,-12.301324,401.2197,240.18454,239.06091,1.8404114,-11.013333,-9.053262,0.039331235,59.99024,1.6689597,34.48795,35.120937,38.257385,38.81995,74.32654,60.564857,70.64539,74.603264,74.17152,74.35067,38.323227,38.642582,38.911934,0.5887103,39.205605,97.12439,97.12439,0.0,0.0,0.0,0.0,1,1,0.0,4,0,1,0,0,0,0,0,0,0,0,0,235.56596,1,0,0,fan_never_installed
2026-08-15T04:55:58Z,BP-CORE-00016-57,-4705.974,-4705.974,14.2203,0.0,0.5994596,391.35483,-12.024828,401.32632,240.21025,240.30739,2.3405027,-10.7750845,-8.812415,0.114760354,59.99154,1.6228278,34.52508,34.968422,38.12005,38.752785,74.36374,60.545147,69.88546,74.520004,73.87417,74.14811,38.330482,38.650146,38.91981,0.5893286,39.39532,97.30616,97.30616,0.0,0.0,0.0,0.0,1,1,0.0,4,0,1,0,0,0,0,0,0,0,0,0,190.5957,1,0,0,fan_never_installed
2026-08-15T04:55:59Z,BP-CORE-00016-57,-3685.6284,-3685.6284,21.317383,0.0,0.59899384,391.00372,-9.42607,400.55954,239.88615,240.37784,2.1845288,-8.45024,-6.8996906,-0.094503924,60.022766,1.6443434,34.90602,35.589165,38.689865,39.22594,74.34791,60.720287,70.24367,74.278465,74.16311,74.36694,38.33891,38.65888,38.928852,0.58994347,38.758743,97.45497,97.45497,0.0,0.0,0.0,0.0,1,1,0.0,4,0,1,0,0,0,0,0,0,0,0,0,277.42404,1,0,0,fan_never_installed
